Workbook
Name Dash_Comp_Men: 'Dashboard Completo'!$B$36:$K$65
Name Dash_Gral_Men: 'Dashboard General'!$B$31:$M$55
Name SegmentaciónDeDatos_Calendario: #N/A
Name SegmentaciónDeDatos_Calendario1: #N/A
Name SegmentaciónDeDatos_Calendario2: #N/A

Sheet EDT vieja
B1: N1 | C1: N2 | D1: N3 | E1: N4 | F1: Dur. | G1: Comienzo | H1: Fin | I1: Dura. | J1: Pesos | K1: Aporte | M1: Calendario
B2: Proyecto: Plan Master Tacoa | F2: 231 | G2: 45474 | H2: 45835 | I2: 2680 | J2: 1 | K2: 1 | M2: 45474
C3: Actividades Preliminares | F3: 231 | G3: 45474 | H3: 45835 | I3: 87 | J3: 1e-145 | K3: =J3*J2 -> 1e-145 | M3: =M2+7 -> 45481
D4: 0.0 Actividades preliminares | F4: 231 | G4: 45474 | H4: 45835 | I4: 87 | J4: 1 | K4: =J4*J3 -> 1e-145 | M4: =M3+7 -> 45488
E5: Inicio de actividades | F5: 0 | G5: 45474 | H5: 45474 | I5: 0 | J5: 1e-119 | K5: =$K$4*J5 -> 1e-264 | M5: =M4+7 -> 45495
E6: Fin de actividades | F6: 0 | G6: 45835 | H6: 45835 | I6: 0 | J6: 1e-119 | K6: =$K$4*J6 -> 1e-264 | M6: =M5+7 -> 45502
E7: Movilizacion | F7: 25 | G7: 45474 | H7: 45510 | I7: 25 | J7: 0.28735632 | K7: =$K$4*J7 -> 2.8735632e-146 | M7: =M6+7 -> 45509
E8: Preparacion del campamento | F8: 22 | G8: 45474 | H8: 45505 | I8: 22 | J8: 0.25287356 | K8: =$K$4*J8 -> 2.5287356e-146 | M8: =M7+7 -> 45516
E9: Limpieza de áreas y adecuación de plataformas de acceso | F9: 40 | G9: 45482 | H9: 45538 | I9: 40 | J9: 0.45977011 | K9: =$K$4*J9 -> 4.5977011e-146 | M9: =M8+7 -> 45523
C10: Mantenimiento del Generador de Vapor (Caldera) y Equipos Auxiliares | F10: 217 | G10: 45489 | H10: 45828 | I10: 1775 | J10: 0.77282549 | K10: =J10*J2 -> 0.77282549 | M10: =M9+7 -> 45530
D11: 0.0 Actividades preliminares | F11: 55 | G11: 45489 | H11: 45566 | I11: 75 | J11: 0.02 | K11: =J11*$J$10 -> 0.01545651 | M11: =M10+7 -> 45537
E12: Inspecciones visuales externas e internas | F12: 20 | G12: 45489 | H12: 45517 | I12: 20 | J12: 0.26666667 | K12: =J12*$K$11 -> 0.004121736 | M12: =M11+7 -> 45544
E13: Reparación de caminerias, grating, escaleras corroidas | F13: 55 | G13: 45489 | H13: 45566 | I13: 55 | J13: 0.73333333 | K13: =J13*$K$11 -> 0.011334774 | M13: =M12+7 -> 45551
D14: 1.1 Reparación de expansiones metálicas | F14: 105 | G14: 45489 | H14: 45636 | I14: 195 | J14: 0.20327658 | K14: =J14*$J$10 -> 0.15709733 | M14: =M13+7 -> 45558
E15: Procura de laminas de acero al carbono | F15: 10 | G15: 45518 | H15: 45531 | I15: 10 | J15: 0.05 | K15: =J15*$K$14 -> 0.0078548663 | M15: =M14+7 -> 45565
E16: Fabricación en taller de expansiones | F16: 40 | G16: 45532 | H16: 45587 | I16: 40 | J16: 0.08 | K16: =J16*$K$14 -> 0.012567786 | M16: =M15+7 -> 45572
E17: Remoción de expansiones deterioradas | F17: 40 | G17: 45489 | H17: 45545 | I17: 40 | J17: 0.2 | K17: =J17*$K$14 -> 0.031419465 | M17: =M16+7 -> 45579
E18: Instalación de expansiones nuevas | F18: 35 | G18: 45560 | H18: 45608 | I18: 35 | J18: 0.4 | K18: =J18*$K$14 -> 0.06283893 | M18: =M17+7 -> 45586
E19: Galvanizado de expansiones fabricadas | F19: 35 | G19: 45574 | H19: 45622 | I19: 35 | J19: 0.12 | K19: =J19*$K$14 -> 0.018851679 | M19: =M18+7 -> 45593
E20: Instalación de aislamiento y enchaquetado aluminio | F20: 35 | G20: 45588 | H20: 45636 | I20: 35 | J20: 0.15 | K20: =J20*$K$14 -> 0.023564599 | M20: =M19+7 -> 45600
D21: 1.2 Reemplazo de tubos de gas | F21: 60 | G21: 45539 | H21: 45622 | I21: 60 | J21: 0.062393862 | K21: =J21*$J$10 -> 0.048219567 | M21: =M20+7 -> 45607
E22: Reemplazo de tubos de gas de los quemdores de la caldera | F22: 60 | G22: 45539 | H22: 45622 | I22: 60 | J22: 1 | K22: =J22*$K$21 -> 0.048219567 | M22: =M21+7 -> 45614
D23: 1.3 Reparación envoltura metálica | F23: 183 | G23: 45489 | H23: 45782 | I23: 320 | J23: 0.1250084 | K23: =J23*$J$10 -> 0.096609682 | M23: =M22+7 -> 45621
E24: Procura de laminas acanaladas cerramientos exteriores | F24: 30 | G24: 45518 | H24: 45559 | I24: 30 | J24: 0.05 | K24: =J24*$K$23 -> 0.0048304841 | M24: =M23+7 -> 45628
E25: Desmontaje de envoltura metálica externa en paredes | F25: 55 | G25: 45489 | H25: 45566 | I25: 55 | J25: 0.21 | K25: =J25*$K$23 -> 0.020288033 | M25: =M24+7 -> 45635
E26: Desmontaje de lana mineral | F26: 55 | G26: 45504 | H26: 45580 | I26: 55 | J26: 0.14 | K26: =J26*$K$23 -> 0.013525355 | M26: =M25+7 -> 45642
E27: Montaje y ajuste de envoltura metálica externa en paredes | F27: 40 | G27: 45670 | H27: 45727 | I27: 40 | J27: 0.3 | K27: =J27*$K$23 -> 0.028982905 | M27: =M26+7 -> 45649
E28: Aplicación sistema de recubrimiento a envoltura metálica | F28: 55 | G28: 45698 | H28: 45782 | I28: 55 | J28: 0.1 | K28: =J28*$K$23 -> 0.0096609682 | M28: =M27+7 -> 45656
E29: Reemplazo de laminas acanaladas del piso N° 3. Techo de quemadores, lado este y oeste y techo de ventiladores | F29: 55 | G29: 45602 | H29: 45706 | I29: 55 | J29: 0.1 | K29: =J29*$K$23 -> 0.0096609682 | M29: =M28+7 -> 45663
E30: Instalación de laminas de acero estriadas de 1/8" en piso Nº 3 lado este y oeste | F30: 30 | G30: 45581 | H30: 45622 | I30: 30 | J30: 0.1 | K30: =J30*$K$23 -> 0.0096609682 | M30: =M29+7 -> 45670
D31: 1.4 Reparación de cámaras muertas | F31: 75 | G31: 45607 | H31: 45741 | I31: 75 | J31: 0.07022068 | K31: =J31*$J$10 -> 0.054268332 | M31: =M30+7 -> 45677
E32: Reparación de cámara muerta superior | F32: 25 | G32: 45607 | H32: 45639 | I32: 25 | J32: 0.4 | K32: =J32*$K$31 -> 0.021707333 | M32: =M31+7 -> 45684
E33: Reparación de cámara muerta intermedia | F33: 25 | G33: 45670 | H33: 45702 | I33: 25 | J33: 0.4 | K33: =J33*$K$31 -> 0.021707333 | M33: =M32+7 -> 45691
E34: Reparación de cámara muerta inferior | F34: 25 | G34: 45705 | H34: 45741 | I34: 25 | J34: 0.2 | K34: =J34*$K$31 -> 0.010853666 | M34: =M33+7 -> 45698
D35: 1.5 Reparación ductos de aire y gas | F35: 90 | G35: 45574 | H35: 45729 | I35: 80 | J35: 0.20241067 | K35: =J35*$J$10 -> 0.15642813 | M35: =M34+7 -> 45705
E36: Reconstrucción de ductos de entrada de aire | F36: 40 | G36: 45672 | H36: 45729 | I36: 40 | J36: 0.66666667 | K36: =J36*$K$35 -> 0.10428542 | M36: =M35+7 -> 45712
E37: Reconstrucción de ductos aire caliente | F37: 40 | G37: 45574 | H37: 45629 | I37: 40 | J37: 0.33333333 | K37: =J37*$K$35 -> 0.052142709 | M37: =M36+7 -> 45719
D38: 1.6 Reemplazo de tuberías acido y soda | F38: 40 | G38: 45702 | H38: 45762 | I38: 40 | J38: 0.038913409 | K38: =J38*$J$10 -> 0.030073274 | M38: =M37+7 -> 45726
E39: Instalación de tuberías y válvulas de PVC | J39: 1 | K39: =EDT[[#This Row],[Pesos]]*$K$38 -> 0.030073274 | M39: =M38+7 -> 45733
D40: 1.7 Mantenimiento en los equipos de balance BOP y equipos | F40: 120 | G40: 45611 | H40: 45814 | I40: 190 | J40: 0.051069782 | K40: =J40*$J$10 -> 0.03946803 | M40: =M39+7 -> 45740
E41: Servicio de mantenimiento a la bomba reforzadora del sistema de agua de alimentación (motobomba) lado a | F41: 50 | G41: 45611 | H41: 45708 | I41: 50 | J41: 0.25 | K41: =J41*$K$40 -> 0.0098670074 | M41: =M40+7 -> 45747
E42: Servicio de mantenimiento de bombas extracción de condensando | F42: 50 | G42: 45674 | H42: 45748 | I42: 50 | J42: 0.25 | K42: =J42*$K$40 -> 0.0098670074 | M42: =M41+7 -> 45754
E43: Servicio de mantenimiento mantenimiento valvula check de la bomba agua de alimentación | F43: 40 | G43: 45709 | H43: 45771 | I43: 40 | J43: 0.2 | K43: =J43*$K$40 -> 0.0078936059 | M43: =M42+7 -> 45761
E44: Servicio de mantenimiento mantenimiento bombas agua de componentes | F44: 50 | G44: 45741 | H44: 45814 | I44: 50 | J44: 0.3 | K44: =J44*$K$40 -> 0.011840409 | M44: =M43+7 -> 45768
D45: 1.8 Mantenimiento eléctrico | F45: 133 | G45: 45532 | H45: 45749 | I45: 140 | J45: 0.072801604 | K45: =J45*$J$10 -> 0.056262936 | M45: =M44+7 -> 45775
E46: Servicio de Mantenimiento Eléctrico de Ductos de Excitación DC y AC | F46: 10 | G46: 45677 | H46: 45688 | I46: 10 | J46: 0.133 | K46: =J46*$K$45 -> 0.0074829705 | M46: =M45+7 -> 45782
E47: Servicio de Mantenimiento Barras Alimentación Bombas Circulación Forzada de la Caldera (BCP) | F47: 20 | G47: 45532 | H47: 45559 | I47: 20 | J47: 0.067 | K47: =J47*$K$45 -> 0.0037696167 | M47: =M46+7 -> 45789
E48: Servicio de Mantenimiento Eléctrico interruptor de campo del Generador | F48: 10 | G48: 45677 | H48: 45688 | I48: 10 | J48: 0.067 | K48: =J48*$K$45 -> 0.0037696167 | M48: =M47+7 -> 45796
E49: Servicio de Mantenimiento Eléctrico al Rectificador de Tiristores | F49: 15 | G49: 45691 | H49: 45709 | I49: 15 | J49: 0.133 | K49: =J49*$K$45 -> 0.0074829705 | M49: =M48+7 -> 45803
E50: Servicio de Mantenimiento Eléctrico en las Barras e interruptores 8HVS/A - 4,16 Kv y 8HVS/B 4,16 Kv | F50: 30 | G50: 45560 | H50: 45601 | I50: 30 | J50: 0.13 | K50: =J50*$K$45 -> 0.0073141817 | M50: =M49+7 -> 45810
E51: Servicio de Mantenimiento Eléctrico en el punto neutro del Generador | F51: 5 | G51: 45698 | H51: 45702 | I51: 5 | J51: 0.133 | K51: =J51*$K$45 -> 0.0074829705 | M51: =M50+7 -> 45817
E52: Servicio de Mantenimiento Eléctrico en Bancos de Baterías | F52: 20 | G52: 45721 | H52: 45749 | I52: 20 | J52: 0.203 | K52: =J52*$K$45 -> 0.011421376 | M52: =M51+7 -> 45824
E53: Servicio de Mantenimiento Eléctrico En Pilotos y Quemadores | F53: 30 | G53: 45581 | H53: 45622 | I53: 30 | J53: 0.067 | K53: =J53*$K$45 -> 0.0037696167 | M53: =M52+7 -> 45831
E54: Servicios Mantenimiento de Centro de Carga 480 v caldera, turbina, valvulas, emergencias | J54: 0.067 | K54: =J54*$K$45 -> 0.0037696167 | M54: =M53+7 -> 45838
D55: 1.9 Matenimiento de equipos y sistema de instrumentación | F55: 106 | G55: 45576 | H55: 45756 | I55: 500 | J55: 0.093701133 | K55: =J55*$J$10 -> 0.072414625 | M55: =M54+7 -> 45845
E56: Servicio de Actuador Neumáticos | F56: 30 | G56: 45576 | H56: 45617 | I56: 30 | J56: 0.06 | K56: =J56*$K$55 -> 0.0043448775 | M56: =M55+7 -> 45852
E57: Servicio de Barrido y Llenado del Hidrógeno (H2) del Generador | F57: 10 | G57: 45743 | H57: 45756 | I57: 10 | J57: 0.02 | K57: =J57*$K$55 -> 0.0014482925 | M57: =M56+7 -> 45859
E58: Servicio de Revisión de Manómetros y Termómetros | F58: 40 | G58: 45590 | H58: 45673 | I58: 40 | J58: 0.08 | K58: =J58*$K$55 -> 0.00579317 | M58: =M57+7 -> 45866
E59: Servicio de Revisión de Trasmisores de Presión | F59: 30 | G59: 45583 | H59: 45624 | I59: 30 | J59: 0.06 | K59: =J59*$K$55 -> 0.0043448775 | M59: =M58+7 -> 45873
E60: Servicio de Mantenimiento de Válvulas de Control | F60: 30 | G60: 45625 | H60: 45694 | I60: 30 | J60: 0.06 | K60: =J60*$K$55 -> 0.0043448775 | M60: =M59+7 -> 45880
E61: Servicio de Revisión de Interruptores de Presión | F61: 60 | G61: 45590 | H61: 45701 | I61: 60 | J61: 0.12 | K61: =J61*$K$55 -> 0.008689755 | M61: =M60+7 -> 45887
E62: Servicio de Mantenimiento Actuador de válvulas Solenoides | F62: 20 | G62: 45618 | H62: 45673 | I62: 20 | J62: 0.04 | K62: =J62*$K$55 -> 0.002896585 | M62: =M61+7 -> 45894
E63: Servicio de Mantenimiento Interruptores de Temperatura | F63: 60 | G63: 45590 | H63: 45701 | I63: 60 | J63: 0.12 | K63: =J63*$K$55 -> 0.008689755 | M63: =M62+7 -> 45901
E64: Servicio de Mantenimiento Interruptores de Nivel | F64: 60 | G64: 45590 | H64: 45701 | I64: 60 | J64: 0.12 | K64: =J64*$K$55 -> 0.008689755 | M64: =M63+7 -> 45908
E65: Servicio de Mantenimiento Compuertas Aire Auxiliar y Combustión | F65: 30 | G65: 45618 | H65: 45687 | I65: 30 | J65: 0.06 | K65: =J65*$K$55 -> 0.0043448775 | M65: =M64+7 -> 45915
E66: Servicio de Mantenimiento Interruptores de Flujo | F66: 60 | G66: 45590 | H66: 45701 | I66: 60 | J66: 0.12 | K66: =J66*$K$55 -> 0.008689755 | M66: =M65+7 -> 45922
E67: Servicio de Revisión de Termocupla | F67: 60 | G67: 45590 | H67: 45701 | I67: 60 | J67: 0.12 | K67: =J67*$K$55 -> 0.008689755 | M67: =M66+7 -> 45929
E68: Servicio de Revisión de Convertidores de Corriente a Presión I/P | F68: 10 | G68: 45674 | H68: 45687 | I68: 10 | J68: 0.02 | K68: =J68*$K$55 -> 0.0014482925 | M68: =M67+7 -> 45936
D69: 1.10 Mantenimiento compresores de aire | F69: 40 | G69: 45534 | H69: 45589 | I69: 40 | J69: 0.040203871 | K69: =J69*$J$10 -> 0.031070577 | M69: =M68+7 -> 45943
E70: Mantenimiento de los compresores de aire | F70: 40 | G70: 45534 | H70: 45589 | I70: 40 | J70: 1 | K70: =J70*$K$69 -> 0.031070577 | M70: =M69+7 -> 45950
D71: 0.0 Pruebas y puesta en marcha | F71: 60 | G71: 45741 | H71: 45828 | I71: 60 | J71: 0.02 | K71: =J71*$J$10 -> 0.01545651 | M71: =M70+7 -> 45957
E72: Commissioning | F72: 45 | G72: 45741 | H72: 45807 | I72: 45 | J72: 0.75 | K72: =J72*$K$71 -> 0.011592382 | M72: =M71+7 -> 45964
E73: Arranque | F73: 15 | G73: 45810 | H73: 45828 | I73: 15 | J73: 0.25 | K73: =J73*$K$71 -> 0.0038641275 | M73: =M72+7 -> 45971
E74: Entrega al cliente | F74: 0 | G74: 45828 | H74: 45828 | I74: 0 | J74: 1e-119 | K74: =J74*$K$71 -> 1.545651e-121 | M74: =M73+7 -> 45978
C75: Mantenimiento del Turbo Generador y Equipos Auxiliares | F75: 226 | G75: 45482 | H75: 45835 | I75: 818 | J75: 0.22717451 | K75: =J75*J2 -> 0.22717451 | M75: =M74+7 -> 45985
D76: 0.0 Actividades preliminares | F76: 101 | G76: 45506 | H76: 45674 | I76: 77 | J76: 0.02 | K76: =J76*$J$75 -> 0.0045434901 | M76: =M75+7 -> 45992
E77: Desacoplar Generador Eléctrico- Rotor Baja Presion B. | F77: 7 | G77: 45534 | H77: 45544 | I77: 7 | J77: 0.090909091 | K77: =J77*$K$76 -> 0.00041304456 | M77: =M76+7 -> 45999
E78: Desmontaje Rotor Turbina TBP B. | F78: 5 | G78: 45545 | H78: 45551 | I78: 5 | J78: 0.064935065 | K78: =J78*$K$76 -> 0.00029503183 | M78: =M77+7 -> 46006
E79: Desmontaje de Rotor Generador. | F79: 5 | G79: 45670 | H79: 45674 | I79: 5 | J79: 0.064935065 | K79: =J79*$K$76 -> 0.00029503183 | M79: =M78+7 -> 46013
E80: Mantenimiento y puesta en marcha de 1er puente grúa (Turbina) | F80: 20 | G80: 45506 | H80: 45533 | I80: 20 | J80: 0.25974026 | K80: =J80*$K$76 -> 0.0011801273 | M80: =M79+7 -> 46020
E81: Mantenimiento y puesta en marcha de 2do puente grúa (Generador) | F81: 20 | G81: 45614 | H81: 45639 | I81: 20 | J81: 0.25974026 | K81: =J81*$K$76 -> 0.0011801273 | M81: =M80+7 -> 46027
E82: Desisnstalación de sistemas de E&I | F82: 20 | G82: 45552 | H82: 45579 | I82: 20 | J82: 0.25974026 | K82: =J82*$K$76 -> 0.0011801273 | M82: =M81+7 -> 46034
D83: 2.2 Reparación de Muñon del rotor | F83: 40 | G83: 45677 | H83: 45734 | I83: 40 | J83: 0.12778935 | K83: =J83*$J$75 -> 0.029030482 | M83: =M82+7 -> 46041
E84: Servicio de reparación de muñon #7 del rotor del generador | F84: 40 | G84: 45677 | H84: 45734 | I84: 40 | J84: 1 | K84: =J84*$K$83 -> 0.029030482 | M84: =M83+7 -> 46048
D85: 2.4 Reparación de componentes en talleres | F85: 91 | G85: 45533 | H85: 45688 | I85: 160 | J85: 0.15577858 | K85: =J85*$J$75 -> 0.035388921 | M85: =M84+7 -> 46055
E86: Inspeccion y Mantenimiento de rotores, Alta, Baja presión A y B. | F86: 30 | G86: 45566 | H86: 45607 | I86: 30 | J86: 0.1875 | K86: =J86*$K$85 -> 0.0066354227 | M86: =M85+7 -> 46062
E87: Carga y traslado de taller a obra de rotores, Alta, Baja presión Ay B | F87: 10 | G87: 45608 | H87: 45621 | I87: 10 | J87: 0.0625 | K87: =J87*$K$85 -> 0.0022118076 | M87: =M86+7 -> 46069
E88: Carga y traslado de obra a taller | F88: 10 | G88: 45552 | H88: 45565 | I88: 10 | J88: 0.0625 | K88: =J88*$K$85 -> 0.0022118076 | M88: =M87+7 -> 46076
E89: Inspeccion y Reparación de Diafragmas. | F89: 50 | G89: 45566 | H89: 45635 | I89: 50 | J89: 0.3125 | K89: =J89*$K$85 -> 0.011059038 | M89: =M88+7 -> 46083
E90: Carga y traslado de taller a obra de diafragmas. | F90: 10 | G90: 45636 | H90: 45677 | I90: 10 | J90: 0.0625 | K90: =J90*$K$85 -> 0.0022118076 | M90: =M89+7 -> 46090
E91: Carga y traslado de obra a taller de deflectores de aceite | F91: 10 | G91: 45677 | H91: 45688 | I91: 10 | J91: 0.0625 | K91: =J91*$K$85 -> 0.0022118076 | M91: =M90+7 -> 46097
E92: Reparación de todos los deflectores de aceite. | F92: 30 | G92: 45566 | H92: 45607 | I92: 30 | J92: 0.1875 | K92: =J92*$K$85 -> 0.0066354227 | M92: =M91+7 -> 46104
E93: Carga y traslado de taller a obra de deflectores de aceite. | F93: 10 | G93: 45608 | H93: 45621 | I93: 10 | J93: 0.0625 | K93: =J93*$K$85 -> 0.0022118076 | M93: =M92+7 -> 46111
E94: Concurso para elección de talleres externos | F94: 0 | G94: 45533 | H94: 45533 | I94: 0 | J94: 1e-119 | K94: =J94*$K$85 -> 3.5388921e-121 | M94: =M93+7 -> 46118
D95: 2.6 Pruebas de ensayos no destructivos | F95: 84 | G95: 45573 | H95: 45716 | I95: 69 | J95: 0.029849192 | K95: =J95*$J$75 -> 0.0067809755 | M95: =M94+7 -> 46125
E96: Inspección de ensayos no destructivos a todos lo alabes moviles y secciones de cojinetes y sellos de rotores de turbinas | F96: 9 | G96: 45573 | H96: 45583 | I96: 9 | J96: 0.13043478 | K96: =J96*$K$95 -> 0.00088447507 | M96: =M95+7 -> 46132
E97: Inspección durante el proceso y final de ensayos no destructivos a las zonas reparadas de difragmas | F97: 40 | G97: 45580 | H97: 45635 | I97: 40 | J97: 0.57971014 | K97: =J97*$K$95 -> 0.0039310003 | M97: =M96+7 -> 46139
E98: Limpieza e inspección de ensayos no destructivos y dimensional de deflectores de aire | F98: 5 | G98: 45691 | H98: 45695 | I98: 5 | J98: 0.072463768 | K98: =J98*$K$95 -> 0.00049137504 | M98: =M97+7 -> 46146
E99: Realizar inspección de ensayos no destructivos para determinar cualquier daño posible a las carcazas, válvula príncipal de vapor, etc | F99: 15 | G99: 45698 | H99: 45716 | I99: 15 | J99: 0.2173913 | K99: =J99*$K$95 -> 0.0014741251 | M99: =M98+7 -> 46153
D100: 2.7 Alineación de la turbina | F100: 30 | G100: 45693 | H100: 45736 | I100: 30 | J100: 0.0431155 | K100: =J100*$J$75 -> 0.0097947424 | M100: =M99+7 -> 46160
...

Sheet EDT Nueva
B4: N1 | C4: N2 | D4: N3 | E4: N4 | F4: Nuevos Pesos | G4: Aporte Nuevo
B5: Proyecto: Plan Master Tacoa | F5: 1 | G5: 1
C6: Mantenimiento del Generador de Vapor (Caldera) y Equipos Auxiliares | F6: 0.77282549 | G6: =EDTN[[#This Row],[Nuevos Pesos]]*$G$5 -> 0.77282549
D7: 1.1 Reparación de expansiones metálicas | F7: 0.22602491 | G7: =EDTN[[#This Row],[Nuevos Pesos]]*$G$6 -> 0.17467781
E8: Remoción de expansiones deterioradas | F8: 0.22988506 | G8: =EDTN[[#This Row],[Nuevos Pesos]]*$G$7 -> 0.040155819
E9: Instalación de expansiones nuevas | F9: 0.45977011 | G9: =EDTN[[#This Row],[Nuevos Pesos]]*$G$7 -> 0.080311639
E10: Galvanizado de expansiones fabricadas | F10: 0.13793103 | G10: =EDTN[[#This Row],[Nuevos Pesos]]*$G$7 -> 0.024093492
E11: Instalación de aislamiento y enchaquetado aluminio | F11: 0.17241379 | G11: =EDTN[[#This Row],[Nuevos Pesos]]*$G$7 -> 0.030116865
D12: 1.2 Reemplazo de tubos de gas | F12: 0.069376251 | G12: =EDTN[[#This Row],[Nuevos Pesos]]*$G$6 -> 0.053615736
E13: Reemplazo de tubos de gas de los quemdores de la caldera | F13: 1 | G13: =EDTN[[#This Row],[Nuevos Pesos]]*G12 -> 0.053615736
D14: 1.3 Reparación envoltura metálica | F14: 0.13899788 | G14: =EDTN[[#This Row],[Nuevos Pesos]]*$G$6 -> 0.1074211
E15: Montaje y ajuste de envoltura metálica externa en paredes | F15: 0.75 | G15: =EDTN[[#This Row],[Nuevos Pesos]]*$G$14 -> 0.080565828
E16: Montaje y ajuste de lana mineral externa en paredes | F16: 0.25 | G16: =EDTN[[#This Row],[Nuevos Pesos]]*$G$14 -> 0.026855276
D17: 1.4 Reparación de cámaras muertas | F17: 0.078078954 | G17: =EDTN[[#This Row],[Nuevos Pesos]]*$G$6 -> 0.060341407
E18: Reparación de cámara muerta superior | F18: 0.4 | G18: =EDTN[[#This Row],[Nuevos Pesos]]*$G$17 -> 0.024136563
E19: Reparación de cámara muerta intermedia | F19: 0.4 | G19: =EDTN[[#This Row],[Nuevos Pesos]]*$G$17 -> 0.024136563
E20: Reparación de cámara muerta inferior | F20: 0.2 | G20: =EDTN[[#This Row],[Nuevos Pesos]]*$G$17 -> 0.012068281
D21: 1.5 Reparación ductos de aire y gas | F21: 0.2250621 | G21: =EDTN[[#This Row],[Nuevos Pesos]]*$G$6 -> 0.17393373
E22: Reconstrucción de ductos de entrada de aire | F22: 0.66666667 | G22: =EDTN[[#This Row],[Nuevos Pesos]]*$G$21 -> 0.11595582
E23: Reconstrucción de ductos aire caliente | F23: 0.33333333 | G23: =EDTN[[#This Row],[Nuevos Pesos]]*$G$21 -> 0.057977909
D24: 1.6 Reemplazo de tuberías ácido y soda | F24: 0.056784913 | G24: =EDTN[[#This Row],[Nuevos Pesos]]*$G$6 -> 0.043884828
E25: Instalación de tuberías y válvulas de PVC | F25: 1 | G25: =EDTN[[#This Row],[Nuevos Pesos]]*G24 -> 0.043884828
D26: 1.7 Mantenimiento en los equipos de balance BOP y equipos | F26: 0.056784913 | G26: =EDTN[[#This Row],[Nuevos Pesos]]*$G$6 -> 0.043884828
E27: Servicio de mantenimiento de bombas extracción de condensando | F27: 0.33333333 | G27: =EDTN[[#This Row],[Nuevos Pesos]]*$G$26 -> 0.014628276
E28: Servicio de mantenimiento mantenimiento valvula check de la bomba agua de alimentación | F28: 0.26666667 | G28: =EDTN[[#This Row],[Nuevos Pesos]]*$G$26 -> 0.011702621
E29: Servicio de mantenimiento mantenimiento bombas agua de componentes | F29: 0.4 | G29: =EDTN[[#This Row],[Nuevos Pesos]]*$G$26 -> 0.017553931
D30: 1.9 Matenimiento de equipos y sistema de instrumentación | F30: 0.10418706 | G30: =EDTN[[#This Row],[Nuevos Pesos]]*$G$6 -> 0.08051842
E31: Servicio de Actuador Neumáticos | F31: 0.073170732 | G31: =EDTN[[#This Row],[Nuevos Pesos]]*$G$30 -> 0.0058915917
E32: Servicio de Barrido y Llenado del Hidrógeno (H2) del Generador | F32: 0.024390244 | G32: =EDTN[[#This Row],[Nuevos Pesos]]*$G$30 -> 0.0019638639
E33: Servicio de Revisión de Manómetros y Termómetros | F33: 0.097560976 | G33: =EDTN[[#This Row],[Nuevos Pesos]]*$G$30 -> 0.0078554556
E34: Servicio de Revisión de Trasmisores de Presión | F34: 0.073170732 | G34: =EDTN[[#This Row],[Nuevos Pesos]]*$G$30 -> 0.0058915917
E35: Servicio de Mantenimiento de Válvulas de Control | F35: 0.073170732 | G35: =EDTN[[#This Row],[Nuevos Pesos]]*$G$30 -> 0.0058915917
E36: Servicio de Mantenimiento Interruptores de Temperatura | F36: 0.14634146 | G36: =EDTN[[#This Row],[Nuevos Pesos]]*$G$30 -> 0.011783183
E37: Servicio de Mantenimiento Interruptores de Nivel | F37: 0.14634146 | G37: =EDTN[[#This Row],[Nuevos Pesos]]*$G$30 -> 0.011783183
E38: Servicio de Mantenimiento Compuertas Aire Auxiliar y Combustión | F38: 0.073170732 | G38: =EDTN[[#This Row],[Nuevos Pesos]]*$G$30 -> 0.0058915917
E39: Servicio de Mantenimiento Interruptores de Flujo | F39: 0.14634146 | G39: =EDTN[[#This Row],[Nuevos Pesos]]*$G$30 -> 0.011783183
E40: Servicio de Revisión de Termocupla | F40: 0.14634146 | G40: =EDTN[[#This Row],[Nuevos Pesos]]*$G$30 -> 0.011783183
D41: 1.10 Mantenimiento compresores de aire | F41: 0.044703016 | G41: =EDTN[[#This Row],[Nuevos Pesos]]*$G$6 -> 0.034547631
E42: Mantenimiento de los compresores de aire | F42: 1 | G42: =EDTN[[#This Row],[Nuevos Pesos]]*G41 -> 0.034547631
D43: 0.0 Fin de actividades | F43: 0 | G43: =EDTN[[#This Row],[Nuevos Pesos]]*$G$6 -> 0
E44: Fin de actividades | F44: 1 | G44: =EDTN[[#This Row],[Nuevos Pesos]]*$G$43 -> 0
C45: Mantenimiento del Turbo Generador y Equipos Auxiliares | F45: 0.22717451 | G45: =EDTN[[#This Row],[Nuevos Pesos]]*$G$5 -> 0.22717451
D46: 0.0 Actividades preliminares | F46: 0.023468376 | G46: =EDTN[[#This Row],[Nuevos Pesos]]*$G$45 -> 0.0053314167
E47: Desmontaje de Rotor Generador. | F47: 1 | G47: =EDTN[[#This Row],[Nuevos Pesos]]*$G$46 -> 0.0053314167
D48: 2.4 Reparación de componentes en talleres | F48: 0.18279351 | G48: =EDTN[[#This Row],[Nuevos Pesos]]*$G$45 -> 0.041526025
E49: Inspeccion y Mantenimiento de rotores, Alta, Baja presión A y B. | F49: 0.23076923 | G49: =EDTN[[#This Row],[Nuevos Pesos]]*$G$48 -> 0.0095829289
E50: Inspeccion y Reparación de Diafragmas. | F50: 0.38461538 | G50: =EDTN[[#This Row],[Nuevos Pesos]]*$G$48 -> 0.015971548
E51: Carga y traslado de taller a obra de diafragmas. | F51: 0.076923077 | G51: =EDTN[[#This Row],[Nuevos Pesos]]*$G$48 -> 0.0031943096
E52: Reparación de todos los deflectores de aceite. | F52: 0.23076923 | G52: =EDTN[[#This Row],[Nuevos Pesos]]*$G$48 -> 0.0095829289
E53: Carga y traslado de taller a obra de deflectores de aceite. | F53: 0.076923077 | G53: =EDTN[[#This Row],[Nuevos Pesos]]*$G$48 -> 0.0031943096
D54: 2.6 Pruebas de ensayos no destructivos | F54: 0.035025603 | G54: =EDTN[[#This Row],[Nuevos Pesos]]*$G$45 -> 0.0079569241
E55: Limpieza e inspección de ensayos no destructivos y dimensional de deflectores de aire | F55: 0.25 | G55: =EDTN[[#This Row],[Nuevos Pesos]]*$G$54 -> 0.001989231
E56: Realizar inspección de ensayos no destructivos para determinar cualquier daño posible a las carcazas, válvula príncipal de vapor, etc | F56: 0.75 | G56: =EDTN[[#This Row],[Nuevos Pesos]]*$G$54 -> 0.0059676931
D57: 2.7 Alineación de la turbina | F57: 0.050592538 | G57: =EDTN[[#This Row],[Nuevos Pesos]]*$G$45 -> 0.011493335
E58: Instalación y alineación de ejes, realizar acople. | F58: 1 | G58: =EDTN[[#This Row],[Nuevos Pesos]]*$G$57 -> 0.011493335
D59: 2.9 Limpieza del sistema de lubricación y control | F59: 0.042809071 | G59: =EDTN[[#This Row],[Nuevos Pesos]]*$G$45 -> 0.0097251295
E60: Limpieza al reservorio de aceite. | F60: 0.25 | G60: =EDTN[[#This Row],[Nuevos Pesos]]*$G$59 -> 0.0024312824
E61: Flushing al sistema de lubricación. | F61: 0.75 | G61: =EDTN[[#This Row],[Nuevos Pesos]]*$G$59 -> 0.0072938471
D62: 2.10 Aislamiento térmico | F62: 0.081726408 | G62: =EDTN[[#This Row],[Nuevos Pesos]]*$G$45 -> 0.018566156
E63: Desmontaje de aislamiento térmico | F63: 0.222 | G63: =EDTN[[#This Row],[Nuevos Pesos]]*$G$62 -> 0.0041216867
E64: Fabricación e instalación de aislamiento térmico | F64: 0.778 | G64: =EDTN[[#This Row],[Nuevos Pesos]]*$G$62 -> 0.01444447
D65: 2.11 Inspección y pruebas eléctricas del generador | F65: 0.24500366 | G65: =EDTN[[#This Row],[Nuevos Pesos]]*$G$45 -> 0.055658586
E66: Inspección y mantenimiento al rotor del generador | F66: 0.66377015 | G66: =EDTN[[#This Row],[Nuevos Pesos]]*$G$65 -> 0.036944508
E67: Inspección y mantenimiento al estator del generador | F67: 0.33622985 | G67: =EDTN[[#This Row],[Nuevos Pesos]]*$G$65 -> 0.018714078
D68: 2.12 Preparación de superficie metálica y cubrimiento | F68: 0.058376006 | G68: =EDTN[[#This Row],[Nuevos Pesos]]*$G$45 -> 0.01326154
E69: Preparación y cubrimiento de partes y piezas de la turbina | F69: 0.33333333 | G69: =EDTN[[#This Row],[Nuevos Pesos]]*$G$68 -> 0.0044205134
E70: Preparación y cubrimiento de carcazas de turbina, generador y excitatriz | F70: 0.33333333 | G70: =EDTN[[#This Row],[Nuevos Pesos]]*$G$68 -> 0.0044205134
E71: Preparación y cubrimiento de equipos auxiliares del turbogenerador | F71: 0.33333333 | G71: =EDTN[[#This Row],[Nuevos Pesos]]*$G$68 -> 0.0044205134
D72: 2.13 Mantenimiento de válvulas principales | F72: 0.035025603 | G72: =EDTN[[#This Row],[Nuevos Pesos]]*$G$45 -> 0.0079569241
E73: Mantenimiento de válvulas principales de turbinas | F73: 0.33333333 | G73: =EDTN[[#This Row],[Nuevos Pesos]]*$G$72 -> 0.002652308
E74: Mantenimiento de válvulas de control | F74: 0.33333333 | G74: =EDTN[[#This Row],[Nuevos Pesos]]*$G$72 -> 0.002652308
E75: Mantenimiento de válvulas interceptoras | F75: 0.33333333 | G75: =EDTN[[#This Row],[Nuevos Pesos]]*$G$72 -> 0.002652308
D76: 2.14 Mantenimiento de equipos auxiliares | F76: 0.081726408 | G76: =EDTN[[#This Row],[Nuevos Pesos]]*$G$45 -> 0.018566156
E77: Mantenimiento y cambio de rodamientos de motobomba de aceite principal | F77: 0.22222222 | G77: =EDTN[[#This Row],[Nuevos Pesos]]*$G$76 -> 0.0041258125
E78: Mantenimiento y cambio de rodamientos de motobomba de aceite de sellos | F78: 0.11111111 | G78: =EDTN[[#This Row],[Nuevos Pesos]]*$G$76 -> 0.0020629063
E79: Mantenimiento y cambio de rodamientos de motobomba de agua estórica | F79: 0.11111111 | G79: =EDTN[[#This Row],[Nuevos Pesos]]*$G$76 -> 0.0020629063
E80: Mantenimiento y cambio de rodamientos de motor ventilador extrator de vapor de sellos | F80: 0.22222222 | G80: =EDTN[[#This Row],[Nuevos Pesos]]*$G$76 -> 0.0041258125
E81: Mantenimiento y cambio de rodamientos de motor de rotación lenta | F81: 0.11111111 | G81: =EDTN[[#This Row],[Nuevos Pesos]]*$G$76 -> 0.0020629063
E82: Mantenimiento y cambio de rodamientos de motobomba de aceite auxiliar | F82: 0.22222222 | G82: =EDTN[[#This Row],[Nuevos Pesos]]*$G$76 -> 0.0041258125
D83: 2.15 Desarmado de componentes y mantenimientos | F83: 0.081726408 | G83: =EDTN[[#This Row],[Nuevos Pesos]]*$G$45 -> 0.018566156
E84: Mantenimiento y fabricación de tornillería | F84: 0.222 | G84: =EDTN[[#This Row],[Nuevos Pesos]]*$G$83 -> 0.0041216867
E85: Mantenimiento, limpieza y pintura de carcaza | F85: 0.222 | G85: =EDTN[[#This Row],[Nuevos Pesos]]*$G$83 -> 0.0041216867
E86: Mantenimiento de crossover y sustitución de empaquetaduras | F86: 0.556 | G86: =EDTN[[#This Row],[Nuevos Pesos]]*$G$83 -> 0.010322783
D87: 2.16 Armado y ajustes | F87: 0.081726408 | G87: =EDTN[[#This Row],[Nuevos Pesos]]*$G$45 -> 0.018566156
E88: Instalación y rearmado de los diafragmas | F88: 0.2 | G88: =EDTN[[#This Row],[Nuevos Pesos]]*$G$87 -> 0.0037132313
E89: Instalación de rotor de generador eléctrico y Alinear. | F89: 0.15 | G89: =EDTN[[#This Row],[Nuevos Pesos]]*$G$87 -> 0.0027849234
E90: Re-armado de la Turbina. | F90: 0.65 | G90: =EDTN[[#This Row],[Nuevos Pesos]]*$G$87 -> 0.012068002
D91: 0.0 Fin de actividades | F91: 0 | G91: =EDTN[[#This Row],[Nuevos Pesos]]*$G$45 -> 0
E92: Fin de actividades | F92: 1e-117 | G92: =EDTN[[#This Row],[Nuevos Pesos]]*$G$91 -> 0

Sheet Plan OG
M2: =M5-K5 -> 0.0006681211 | N2: =N5-L5 -> 0.001257492 | O2: =O5-M5 -> 0.0020755527 | P2: =P5-N5 -> 0.0028132279 | Q2: =Q5-O5 -> 0.0026694199 | R2: =R5-P5 -> 0.014075633 | S2: =S5-Q5 -> 0.032596522 | T2: =T5-R5 -> 0.046257592 | ... DH2: =DH5-DF5 -> 0
L3: 45474 | M3: =+L3+7 -> 45481 | N3: =+M3+7 -> 45488 | O3: =+N3+7 -> 45495 | P3: =+O3+7 -> 45502 | Q3: =+P3+7 -> 45509 | R3: =+Q3+7 -> 45516 | S3: =+R3+7 -> 45523 | T3: =+S3+7 -> 45530 | ... EL3: =+EK3+7 -> 46384
B4: N1 | C4: N2 | D4: N3 | E4: N4 | F4: Dur. | G4: Comienzo | H4: Fin | I4: Dura. | J4: Pesos | K4: Column4 | L4: 01/07/2024 | M4: 08/07/2024 | N4: 15/07/2024 | O4: 22/07/2024 | P4: 29/07/2024 | Q4: 05/08/2024 | R4: 12/08/2024 | S4: 19/08/2024 | T4: 26/08/2024 | U4: 02/09/2024 | V4: 09/09/2024 | W4: 16/09/2024 | X4: 23/09/2024 | Y4: 30/09/2024 | Z4: 07/10/2024 | AA4: 14/10/2024 | AB4: 21/10/2024 | AC4: 28/10/2024 | AD4: 04/11/2024 | AE4: 11/11/2024 | AF4: 18/11/2024 | AG4: 25/11/2024 | AH4: 02/12/2024 | AI4: 09/12/2024 | AJ4: 16/12/2024 | AK4: 23/12/2024 | AL4: 30/12/2024 | AM4: 06/01/2025 | AN4: 13/01/2025 | AO4: 20/01/2025 | AP4: 27/01/2025 | AQ4: 03/02/2025 | AR4: 10/02/2025 | AS4: 17/02/2025 | AT4: 24/02/2025 | AU4: 03/03/2025 | AV4: 10/03/2025 | AW4: 17/03/2025 | AX4: 24/03/2025 | AY4: 31/03/2025 | AZ4: 07/04/2025 | BA4: 14/04/2025 | BB4: 21/04/2025 | BC4: 28/04/2025 | BD4: 05/05/2025 | BE4: 12/05/2025 | BF4: 19/05/2025 | BG4: 26/05/2025 | BH4: 02/06/2025 | BI4: 09/06/2025 | BJ4: 16/06/2025 | BK4: 23/06/2025 | BL4: 30/06/2025 | BM4: 07/07/2025 | BN4: 14/07/2025 | BO4: 21/07/2025 | BP4: 28/07/2025 | BQ4: 04/08/2025 | BR4: 11/08/2025 | BS4: 18/08/2025 | BT4: 25/08/2025 | BU4: 01/09/2025 | BV4: 08/09/2025 | BW4: 15/09/2025 | BX4: 22/09/2025 | BY4: 29/09/2025 | BZ4: 06/10/2025 | CA4: 13/10/2025 | CB4: 20/10/2025 | CC4: 27/10/2025 | CD4: 03/11/2025 | CE4: 10/11/2025 | CF4: 17/11/2025 | CG4: 24/11/2025 | CH4: 01/12/2025 | CI4: 08/12/2025 | CJ4: 15/12/2025 | CK4: 22/12/2025 | CL4: 29/12/2025 | CM4: 05/01/2026 | CN4: 12/01/2026 | CO4: 19/01/2026 | CP4: 26/01/2026 | CQ4: 02/02/2026 | CR4: 09/02/2026 | CS4: 16/02/2026 | CT4: 23/02/2026 | CU4: 02/03/2026 | CV4: 09/03/2026 | CW4: 16/03/2026 | CX4: 23/03/2026 | CY4: 30/03/2026 | CZ4: 06/04/2026 | DA4: 13/04/2026 | DB4: 20/04/2026 | DC4: 27/04/2026 | DD4: 04/05/2026 | DE4: 11/05/2026 | DF4: 18/05/2026 | DG4: 25/05/2026 | DH4: 01/06/2026 | DI4: 08/06/2026 | DJ4: 15/06/2026 | DK4: 22/06/2026 | DL4: 29/06/2026 | DM4: 06/07/2026 | DN4: 13/07/2026 | DO4: 20/07/2026 | DP4: 27/07/2026 | DQ4: 03/08/2026 | DR4: 10/08/2026 | DS4: 17/08/2026 | DT4: 24/08/2026 | DU4: 31/08/2026 | DV4: 07/09/2026 | DW4: 14/09/2026 | DX4: 21/09/2026 | DY4: 28/09/2026 | DZ4: 05/10/2026 | EA4: 12/10/2026 | EB4: 19/10/2026 | EC4: 26/10/2026 | ED4: 02/11/2026 | EE4: 09/11/2026 | EF4: 16/11/2026 | EG4: 23/11/2026 | EH4: 30/11/2026 | EI4: 07/12/2026 | EJ4: 14/12/2026 | EK4: 21/12/2026 | EL4: 28/12/2026
B5: Proyecto: Plan Master Tacoa | F5: 231 | G5: 45474 | H5: 45835 | I5: =+I6+I13+I78 -> 2650 | J5: 1 | L5: =+L6*$J$6+L13*$J$13+L78*$J$78 -> 8.7813633e-05 | M5: =+M6*$J$6+M13*$J$13+M78*$J$78 -> 0.0006681211 | N5: =+N6*$J$6+N13*$J$13+N78*$J$78 -> 0.0013453056 | O5: =+O6*$J$6+O13*$J$13+O78*$J$78 -> 0.0027436738 | P5: =+P6*$J$6+P13*$J$13+P78*$J$78 -> 0.0041585335 | Q5: =+Q6*$J$6+Q13*$J$13+Q78*$J$78 -> 0.0054130936 | R5: =+R6*$J$6+R13*$J$13+R78*$J$78 -> 0.018234166 | S5: =+S6*$J$6+S13*$J$13+S78*$J$78 -> 0.038009615 | ... EL5: =+EL6*$J$6+EL13*$J$13+EL78*$J$78 -> 1
C6: Actividades Preliminares | F6: 231 | G6: 45474 | H6: 45835 | I6: =+I7 -> 87 | J6: 1e-145 | L6: =+L7*$J$7 -> 0 | M6: =+M7*$J$7 -> 0.13103448 | N6: =+N7*$J$7 -> 0.30804598 | O6: =+O7*$J$7 -> 0.46206897 | P6: =+P7*$J$7 -> 0.66206897 | Q6: =+Q7*$J$7 -> 0.78735632 | R6: =+R7*$J$7 -> 1 | S6: =+S7*$J$7 -> 1 | ... EL6: =+EL7*$J$7 -> 1
D7: 0.0 Actividades preliminares | F7: 231 | G7: 45474 | H7: 45835 | I7: =+SUM(I8:I12) -> 87 | J7: 1 | L7: =+SUMPRODUCT($J$8:$J$12,L8:L12) -> 0 | M7: =+SUMPRODUCT($J$8:$J$12,M8:M12) -> 0.13103448 | N7: =+SUMPRODUCT($J$8:$J$12,N8:N12) -> 0.30804598 | O7: =+SUMPRODUCT($J$8:$J$12,O8:O12) -> 0.46206897 | P7: =+SUMPRODUCT($J$8:$J$12,P8:P12) -> 0.66206897 | Q7: =+SUMPRODUCT($J$8:$J$12,Q8:Q12) -> 0.78735632 | R7: =+SUMPRODUCT($J$8:$J$12,R8:R12) -> 1 | S7: =+SUMPRODUCT($J$8:$J$12,S8:S12) -> 1 | ... EL7: =+SUMPRODUCT($J$8:$J$12,EL8:EL12) -> 1
E8: Inicio de actividades | F8: 0 | G8: 45474 | H8: 45474 | I8: =+F8 -> 0 | J8: 1e-119 | L8: 0 | M8: 1 | N8: 1 | O8: 1 | P8: 1 | Q8: 1 | R8: 1 | S8: 1 | T8: 1 | U8: 1 | V8: 1 | W8: 1 | X8: 1 | Y8: 1 | Z8: 1 | AA8: 1 | AB8: 1 | AC8: 1 | AD8: 1 | AE8: 1 | AF8: 1 | AG8: 1 | AH8: 1 | AI8: 1 | AJ8: 1 | AK8: 1 | AL8: 1 | AM8: 1 | AN8: 1 | AO8: 1 | AP8: 1 | AQ8: 1 | AR8: 1 | AS8: 1 | AT8: 1 | AU8: 1 | AV8: 1 | AW8: 1 | AX8: 1 | AY8: 1 | AZ8: 1 | BA8: 1 | BB8: 1 | BC8: 1 | BD8: 1 | BE8: 1 | BF8: 1 | BG8: 1 | BH8: 1 | BI8: 1 | BJ8: 1 | BK8: 1 | BL8: 1 | BM8: 1 | BN8: 1 | BO8: 1 | BP8: 1 | BQ8: 1 | BR8: 1 | BS8: 1 | BT8: 1 | BU8: 1 | BV8: 1 | BW8: 1 | BX8: 1 | BY8: 1 | BZ8: 1 | CA8: 1 | CB8: 1 | CC8: 1 | CD8: 1 | CE8: 1 | CF8: 1 | CG8: 1 | CH8: 1 | CI8: 1 | CJ8: 1 | CK8: 1 | CL8: 1 | CM8: 1 | CN8: 1 | CO8: 1 | CP8: 1 | CQ8: 1 | CR8: 1 | CS8: 1 | CT8: 1 | CU8: 1 | CV8: 1 | CW8: 1 | CX8: 1 | CY8: 1 | CZ8: 1 | DA8: 1 | DB8: 1 | DC8: 1 | DD8: 1 | DE8: 1 | DF8: 1 | DG8: 1 | DH8: 1 | DI8: 1 | DJ8: 1 | DK8: 1 | DL8: 1 | DM8: 1 | DN8: 1 | DO8: 1 | DP8: 1 | DQ8: 1 | DR8: 1 | DS8: 1 | DT8: 1 | DU8: 1 | DV8: 1 | DW8: 1 | DX8: 1 | DY8: 1 | DZ8: 1 | EA8: 1 | EB8: 1 | EC8: 1 | ED8: 1 | EE8: 1 | EF8: 1 | EG8: 1 | EH8: 1 | EI8: 1 | EJ8: 1 | EK8: 1 | EL8: 1
E9: Fin de actividades | F9: 0 | G9: 45835 | H9: 45835 | I9: =+F9 -> 0 | J9: 1e-119 | L9: 0 | M9: 0 | N9: 0 | O9: 0 | P9: 0 | Q9: 0 | R9: 0 | S9: 0 | T9: 0 | U9: 0 | V9: 0 | W9: 0 | X9: 0 | Y9: 0 | Z9: 0 | AA9: 0 | AB9: 0 | AC9: 0 | AD9: 0 | AE9: 0 | AF9: 0 | AG9: 0 | AH9: 0 | AI9: 0 | AJ9: 0 | AK9: 0 | AL9: 0 | AM9: 0 | AN9: 0 | AO9: 0 | AP9: 0 | AQ9: 0 | AR9: 0 | AS9: 0 | AT9: 0 | AU9: 0 | AV9: 0 | AW9: 0 | AX9: 0 | AY9: 0 | AZ9: 0 | BA9: 0 | BB9: 0 | BC9: 0 | BD9: 0 | BE9: 0 | BF9: 0 | BG9: 0 | BH9: 0 | BI9: 0 | BJ9: 0 | BK9: 0 | BL9: 0 | BM9: 0 | BN9: 0 | BO9: 0 | BP9: 0 | BQ9: 0 | BR9: 0 | BS9: 0 | BT9: 0 | BU9: 0 | BV9: 0 | BW9: 0 | BX9: 0 | BY9: 0 | BZ9: 0 | CA9: 0 | CB9: 0 | CC9: 0 | CD9: 0 | CE9: 0 | CF9: 0 | CG9: 0 | CH9: 0 | CI9: 0 | CJ9: 0 | CK9: 0 | CL9: 0 | CM9: 0 | CN9: 0 | CO9: 0 | CP9: 0 | CQ9: 0 | CR9: 0 | CS9: 0 | CT9: 0 | CU9: 0 | CV9: 0 | CW9: 0 | CX9: 0 | CY9: 0 | CZ9: 0 | DA9: 0 | DB9: 0 | DC9: 0 | DD9: 0 | DE9: 0 | DF9: 0 | DG9: 0 | DH9: 0 | DI9: 0 | DJ9: 0 | DK9: 0 | DL9: 0 | DM9: 0 | DN9: 0 | DO9: 0 | DP9: 0 | DQ9: 0 | DR9: 0 | DS9: 0 | DT9: 0 | DU9: 0 | DV9: 0 | DW9: 0 | DX9: 0 | DY9: 0 | DZ9: 0 | EA9: 0 | EB9: 0 | EC9: 0 | ED9: 0 | EE9: 0 | EF9: 0 | EG9: 0 | EH9: 0 | EI9: 0 | EJ9: 0 | EK9: 0 | EL9: 0
E10: Movilizacion | F10: 25 | G10: 45474 | H10: 45510 | I10: =+F10 -> 25 | J10: 0.28735632 | L10: 0 | M10: 0.2 | N10: 0.4 | O10: 0.6 | P10: 0.8 | Q10: 0.9 | R10: 1 | S10: 1 | T10: 1 | U10: 1 | V10: 1 | W10: 1 | X10: 1 | Y10: 1 | Z10: 1 | AA10: 1 | AB10: 1 | AC10: 1 | AD10: 1 | AE10: 1 | AF10: 1 | AG10: 1 | AH10: 1 | AI10: 1 | AJ10: 1 | AK10: 1 | AL10: 1 | AM10: 1 | AN10: 1 | AO10: 1 | AP10: 1 | AQ10: 1 | AR10: 1 | AS10: 1 | AT10: 1 | AU10: 1 | AV10: 1 | AW10: 1 | AX10: 1 | AY10: 1 | AZ10: 1 | BA10: 1 | BB10: 1 | BC10: 1 | BD10: 1 | BE10: 1 | BF10: 1 | BG10: 1 | BH10: 1 | BI10: 1 | BJ10: 1 | BK10: 1 | BL10: 1 | BM10: 1 | BN10: 1 | BO10: 1 | BP10: 1 | BQ10: 1 | BR10: 1 | BS10: 1 | BT10: 1 | BU10: 1 | BV10: 1 | BW10: 1 | BX10: 1 | BY10: 1 | BZ10: 1 | CA10: 1 | CB10: 1 | CC10: 1 | CD10: 1 | CE10: 1 | CF10: 1 | CG10: 1 | CH10: 1 | CI10: 1 | CJ10: 1 | CK10: 1 | CL10: 1 | CM10: 1 | CN10: 1 | CO10: 1 | CP10: 1 | CQ10: 1 | CR10: 1 | CS10: 1 | CT10: 1 | CU10: 1 | CV10: 1 | CW10: 1 | CX10: 1 | CY10: 1 | CZ10: 1 | DA10: 1 | DB10: 1 | DC10: 1 | DD10: 1 | DE10: 1 | DF10: 1 | DG10: 1 | DH10: 1 | DI10: 1 | DJ10: 1 | DK10: 1 | DL10: 1 | DM10: 1 | DN10: 1 | DO10: 1 | DP10: 1 | DQ10: 1 | DR10: 1 | DS10: 1 | DT10: 1 | DU10: 1 | DV10: 1 | DW10: 1 | DX10: 1 | DY10: 1 | DZ10: 1 | EA10: 1 | EB10: 1 | EC10: 1 | ED10: 1 | EE10: 1 | EF10: 1 | EG10: 1 | EH10: 1 | EI10: 1 | EJ10: 1 | EK10: 1 | EL10: 1
E11: Preparacion del campamento | F11: 22 | G11: 45474 | H11: 45505 | I11: =+F11 -> 22 | J11: 0.25287356 | L11: 0 | M11: 0.2 | N11: 0.4 | O11: 0.6 | P11: 0.8 | Q11: 1 | R11: 1 | S11: 1 | T11: 1 | U11: 1 | V11: 1 | W11: 1 | X11: 1 | Y11: 1 | Z11: 1 | AA11: 1 | AB11: 1 | AC11: 1 | AD11: 1 | AE11: 1 | AF11: 1 | AG11: 1 | AH11: 1 | AI11: 1 | AJ11: 1 | AK11: 1 | AL11: 1 | AM11: 1 | AN11: 1 | AO11: 1 | AP11: 1 | AQ11: 1 | AR11: 1 | AS11: 1 | AT11: 1 | AU11: 1 | AV11: 1 | AW11: 1 | AX11: 1 | AY11: 1 | AZ11: 1 | BA11: 1 | BB11: 1 | BC11: 1 | BD11: 1 | BE11: 1 | BF11: 1 | BG11: 1 | BH11: 1 | BI11: 1 | BJ11: 1 | BK11: 1 | BL11: 1 | BM11: 1 | BN11: 1 | BO11: 1 | BP11: 1 | BQ11: 1 | BR11: 1 | BS11: 1 | BT11: 1 | BU11: 1 | BV11: 1 | BW11: 1 | BX11: 1 | BY11: 1 | BZ11: 1 | CA11: 1 | CB11: 1 | CC11: 1 | CD11: 1 | CE11: 1 | CF11: 1 | CG11: 1 | CH11: 1 | CI11: 1 | CJ11: 1 | CK11: 1 | CL11: 1 | CM11: 1 | CN11: 1 | CO11: 1 | CP11: 1 | CQ11: 1 | CR11: 1 | CS11: 1 | CT11: 1 | CU11: 1 | CV11: 1 | CW11: 1 | CX11: 1 | CY11: 1 | CZ11: 1 | DA11: 1 | DB11: 1 | DC11: 1 | DD11: 1 | DE11: 1 | DF11: 1 | DG11: 1 | DH11: 1 | DI11: 1 | DJ11: 1 | DK11: 1 | DL11: 1 | DM11: 1 | DN11: 1 | DO11: 1 | DP11: 1 | DQ11: 1 | DR11: 1 | DS11: 1 | DT11: 1 | DU11: 1 | DV11: 1 | DW11: 1 | DX11: 1 | DY11: 1 | DZ11: 1 | EA11: 1 | EB11: 1 | EC11: 1 | ED11: 1 | EE11: 1 | EF11: 1 | EG11: 1 | EH11: 1 | EI11: 1 | EJ11: 1 | EK11: 1 | EL11: 1
E12: Limpieza de áreas y adecuación de plataformas de acceso | F12: 40 | G12: 45482 | H12: 45538 | I12: =+F12 -> 40 | J12: 0.45977011 | L12: 0 | M12: 0.05 | N12: 0.2 | O12: 0.3 | P12: 0.5 | Q12: 0.6 | R12: 1 | S12: 1 | T12: 1 | U12: 1 | V12: 1 | W12: 1 | X12: 1 | Y12: 1 | Z12: 1 | AA12: 1 | AB12: 1 | AC12: 1 | AD12: 1 | AE12: 1 | AF12: 1 | AG12: 1 | AH12: 1 | AI12: 1 | AJ12: 1 | AK12: 1 | AL12: 1 | AM12: 1 | AN12: 1 | AO12: 1 | AP12: 1 | AQ12: 1 | AR12: 1 | AS12: 1 | AT12: 1 | AU12: 1 | AV12: 1 | AW12: 1 | AX12: 1 | AY12: 1 | AZ12: 1 | BA12: 1 | BB12: 1 | BC12: 1 | BD12: 1 | BE12: 1 | BF12: 1 | BG12: 1 | BH12: 1 | BI12: 1 | BJ12: 1 | BK12: 1 | BL12: 1 | BM12: 1 | BN12: 1 | BO12: 1 | BP12: 1 | BQ12: 1 | BR12: 1 | BS12: 1 | BT12: 1 | BU12: 1 | BV12: 1 | BW12: 1 | BX12: 1 | BY12: 1 | BZ12: 1 | CA12: 1 | CB12: 1 | CC12: 1 | CD12: 1 | CE12: 1 | CF12: 1 | CG12: 1 | CH12: 1 | CI12: 1 | CJ12: 1 | CK12: 1 | CL12: 1 | CM12: 1 | CN12: 1 | CO12: 1 | CP12: 1 | CQ12: 1 | CR12: 1 | CS12: 1 | CT12: 1 | CU12: 1 | CV12: 1 | CW12: 1 | CX12: 1 | CY12: 1 | CZ12: 1 | DA12: 1 | DB12: 1 | DC12: 1 | DD12: 1 | DE12: 1 | DF12: 1 | DG12: 1 | DH12: 1 | DI12: 1 | DJ12: 1 | DK12: 1 | DL12: 1 | DM12: 1 | DN12: 1 | DO12: 1 | DP12: 1 | DQ12: 1 | DR12: 1 | DS12: 1 | DT12: 1 | DU12: 1 | DV12: 1 | DW12: 1 | DX12: 1 | DY12: 1 | DZ12: 1 | EA12: 1 | EB12: 1 | EC12: 1 | ED12: 1 | EE12: 1 | EF12: 1 | EG12: 1 | EH12: 1 | EI12: 1 | EJ12: 1 | EK12: 1 | EL12: 1
C13: Mantenimiento del Generador de Vapor (Caldera) y Equipos Auxiliares | F13: 217 | G13: 45489 | H13: 45828 | I13: =+I14+I17+I24+I26+I34+I38+I41+I43+I48+I58+I72+I74 -> 1775 | J13: 0.77282549 | L13: =+L14*$J$14+L17*$J$17+L24*$J$24+L26*$J$26+L34*$J$34+L38*$J$38+L41*$J$41+L43*$J$43+L48*$J$48+L58*$J$58+L72*$J$72+L74*$J$74 -> 0 | M13: =+M14*$J$14+M17*$J$17+M24*$J$24+M26*$J$26+M34*$J$34+M38*$J$38+M41*$J$41+M43*$J$43+M48*$J$48+M58*$J$58+M72*$J$72+M74*$J$74 -> 0.00053986962 | N13: =+N14*$J$14+N17*$J$17+N24*$J$24+N26*$J$26+N34*$J$34+N38*$J$38+N41*$J$41+N43*$J$43+N48*$J$48+N58*$J$58+N72*$J$72+N74*$J$74 -> 0.0010914669 | O13: =+O14*$J$14+O17*$J$17+O24*$J$24+O26*$J$26+O34*$J$34+O38*$J$38+O41*$J$41+O43*$J$43+O48*$J$48+O58*$J$58+O72*$J$72+O74*$J$74 -> 0.002576242 | P13: =+P14*$J$14+P17*$J$17+P24*$J$24+P26*$J$26+P34*$J$34+P38*$J$38+P41*$J$41+P43*$J$43+P48*$J$48+P58*$J$58+P72*$J$72+P74*$J$74 -> 0.0040823564 | Q13: =+Q14*$J$14+Q17*$J$17+Q24*$J$24+Q26*$J$26+Q34*$J$34+Q38*$J$38+Q41*$J$41+Q43*$J$43+Q48*$J$48+Q58*$J$58+Q72*$J$72+Q74*$J$74 -> 0.0053810507 | R13: =+R14*$J$14+R17*$J$17+R24*$J$24+R26*$J$26+R34*$J$34+R38*$J$38+R41*$J$41+R43*$J$43+R48*$J$48+R58*$J$58+R72*$J$72+R74*$J$74 -> 0.021646271 | S13: =+S14*$J$14+S17*$J$17+S24*$J$24+S26*$J$26+S34*$J$34+S38*$J$38+S41*$J$41+S43*$J$43+S48*$J$48+S58*$J$58+S72*$J$72+S74*$J$74 -> 0.046910128 | ... EL13: =+EL14*$J$14+EL17*$J$17+EL24*$J$24+EL26*$J$26+EL34*$J$34+EL38*$J$38+EL41*$J$41+EL43*$J$43+EL48*$J$48+EL58*$J$58+EL72*$J$72+EL74*$J$74 -> 1
D14: 0.0 Actividades preliminares | F14: 55 | G14: 45489 | H14: 45566 | I14: =+SUM(I15:I16) -> 75 | J14: 0.02 | L14: =+SUMPRODUCT($J$15:$J$16,L15:L16) -> 0 | M14: =+SUMPRODUCT($J$15:$J$16,M15:M16) -> 0.026666667 | N14: =+SUMPRODUCT($J$15:$J$16,N15:N16) -> 0.053333333 | O14: =+SUMPRODUCT($J$15:$J$16,O15:O16) -> 0.10666667 | P14: =+SUMPRODUCT($J$15:$J$16,P15:P16) -> 0.16 | Q14: =+SUMPRODUCT($J$15:$J$16,Q15:Q16) -> 0.21333333 | R14: =+SUMPRODUCT($J$15:$J$16,R15:R16) -> 0.24 | S14: =+SUMPRODUCT($J$15:$J$16,S15:S16) -> 0.26666667 | ... EL14: =+SUMPRODUCT($J$15:$J$16,EL15:EL16) -> 1
E15: Inspecciones visuales externas e internas | F15: 20 | G15: 45489 | H15: 45517 | I15: =+F15 -> 20 | J15: 0.26666667 | L15: 0 | M15: 0.1 | N15: 0.2 | O15: 0.4 | P15: 0.6 | Q15: 0.8 | R15: 0.9 | S15: 1 | T15: 1 | U15: 1 | V15: 1 | W15: 1 | X15: 1 | Y15: 1 | Z15: 1 | AA15: 1 | AB15: 1 | AC15: 1 | AD15: 1 | AE15: 1 | AF15: 1 | AG15: 1 | AH15: 1 | AI15: 1 | AJ15: 1 | AK15: 1 | AL15: 1 | AM15: 1 | AN15: 1 | AO15: 1 | AP15: 1 | AQ15: 1 | AR15: 1 | AS15: 1 | AT15: 1 | AU15: 1 | AV15: 1 | AW15: 1 | AX15: 1 | AY15: 1 | AZ15: 1 | BA15: 1 | BB15: 1 | BC15: 1 | BD15: 1 | BE15: 1 | BF15: 1 | BG15: 1 | BH15: 1 | BI15: 1 | BJ15: 1 | BK15: 1 | BL15: 1 | BM15: 1 | BN15: 1 | BO15: 1 | BP15: 1 | BQ15: 1 | BR15: 1 | BS15: 1 | BT15: 1 | BU15: 1 | BV15: 1 | BW15: 1 | BX15: 1 | BY15: 1 | BZ15: 1 | CA15: 1 | CB15: 1 | CC15: 1 | CD15: 1 | CE15: 1 | CF15: 1 | CG15: 1 | CH15: 1 | CI15: 1 | CJ15: 1 | CK15: 1 | CL15: 1 | CM15: 1 | CN15: 1 | CO15: 1 | CP15: 1 | CQ15: 1 | CR15: 1 | CS15: 1 | CT15: 1 | CU15: 1 | CV15: 1 | CW15: 1 | CX15: 1 | CY15: 1 | CZ15: 1 | DA15: 1 | DB15: 1 | DC15: 1 | DD15: 1 | DE15: 1 | DF15: 1 | DG15: 1 | DH15: 1 | DI15: 1 | DJ15: 1 | DK15: 1 | DL15: 1 | DM15: 1 | DN15: 1 | DO15: 1 | DP15: 1 | DQ15: 1 | DR15: 1 | DS15: 1 | DT15: 1 | DU15: 1 | DV15: 1 | DW15: 1 | DX15: 1 | DY15: 1 | DZ15: 1 | EA15: 1 | EB15: 1 | EC15: 1 | ED15: 1 | EE15: 1 | EF15: 1 | EG15: 1 | EH15: 1 | EI15: 1 | EJ15: 1 | EK15: 1 | EL15: 1
E16: Reparación de caminerias, grating, escaleras corroidas | F16: 55 | G16: 45489 | H16: 45566 | I16: =+F16 -> 55 | J16: 0.73333333 | L16: 0 | M16: 0 | N16: 0 | O16: 0 | P16: 0 | Q16: 0 | R16: 0 | S16: 0 | T16: 0 | U16: 0.15 | V16: 0.16201144 | W16: 0.22582171 | X16: 0.22582171 | Y16: 0.37054781 | Z16: 0.60465183 | AA16: 0.68078117 | AB16: 0.75829186 | AC16: 1 | AD16: 1 | AE16: 1 | AF16: 1 | AG16: 1 | AH16: 1 | AI16: 1 | AJ16: 1 | AK16: 1 | AL16: 1 | AM16: 1 | AN16: 1 | AO16: 1 | AP16: 1 | AQ16: 1 | AR16: 1 | AS16: 1 | AT16: 1 | AU16: 1 | AV16: 1 | AW16: 1 | AX16: 1 | AY16: 1 | AZ16: 1 | BA16: 1 | BB16: 1 | BC16: 1 | BD16: 1 | BE16: 1 | BF16: 1 | BG16: 1 | BH16: 1 | BI16: 1 | BJ16: 1 | BK16: 1 | BL16: 1 | BM16: 1 | BN16: 1 | BO16: 1 | BP16: 1 | BQ16: 1 | BR16: 1 | BS16: 1 | BT16: 1 | BU16: 1 | BV16: 1 | BW16: 1 | BX16: 1 | BY16: 1 | BZ16: 1 | CA16: 1 | CB16: 1 | CC16: 1 | CD16: 1 | CE16: 1 | CF16: 1 | CG16: 1 | CH16: 1 | CI16: 1 | CJ16: 1 | CK16: 1 | CL16: 1 | CM16: 1 | CN16: 1 | CO16: 1 | CP16: 1 | CQ16: 1 | CR16: 1 | CS16: 1 | CT16: 1 | CU16: 1 | CV16: 1 | CW16: 1 | CX16: 1 | CY16: 1 | CZ16: 1 | DA16: 1 | DB16: 1 | DC16: 1 | DD16: 1 | DE16: 1 | DF16: 1 | DG16: 1 | DH16: 1 | DI16: 1 | DJ16: 1 | DK16: 1 | DL16: 1 | DM16: 1 | DN16: 1 | DO16: 1 | DP16: 1 | DQ16: 1 | DR16: 1 | DS16: 1 | DT16: 1 | DU16: 1 | DV16: 1 | DW16: 1 | DX16: 1 | DY16: 1 | DZ16: 1 | EA16: 1 | EB16: 1 | EC16: 1 | ED16: 1 | EE16: 1 | EF16: 1 | EG16: 1 | EH16: 1 | EI16: 1 | EJ16: 1 | EK16: 1 | EL16: 1
D17: 1.1 Reparación de expansiones metálicas | F17: 105 | G17: 45489 | H17: 45636 | I17: =+SUM(I18:I23) -> 195 | J17: 0.20327658 | L17: =+SUMPRODUCT($J$18:$J$23,L18:L23) -> 0 | M17: =+SUMPRODUCT($J$18:$J$23,M18:M23) -> 0 | N17: =+SUMPRODUCT($J$18:$J$23,N18:N23) -> 0 | O17: =+SUMPRODUCT($J$18:$J$23,O18:O23) -> 0 | P17: =+SUMPRODUCT($J$18:$J$23,P18:P23) -> 0 | Q17: =+SUMPRODUCT($J$18:$J$23,Q18:Q23) -> 0 | R17: =+SUMPRODUCT($J$18:$J$23,R18:R23) -> 0.044497232 | S17: =+SUMPRODUCT($J$18:$J$23,S18:S23) -> 0.11434791 | ... EL17: =+SUMPRODUCT($J$18:$J$23,EL18:EL23) -> 1
E18: Procura de laminas de acero al carbono | F18: 10 | G18: 45518 | H18: 45531 | I18: =+F18 -> 10 | J18: 0.05 | L18: 0 | M18: 0 | N18: 0 | O18: 0 | P18: 0 | Q18: 0 | R18: 0 | S18: 0.5 | T18: 0.5 | U18: 0.5 | V18: 0.5 | W18: 0.5 | X18: 0.5 | Y18: 0.5 | Z18: 0.5 | AA18: 0.5 | AB18: 0.5 | AC18: 0.6 | AD18: 0.6 | AE18: 0.6 | AF18: 0.6 | AG18: 1 | AH18: 1 | AI18: 1 | AJ18: 1 | AK18: 1 | AL18: 1 | AM18: 1 | AN18: 1 | AO18: 1 | AP18: 1 | AQ18: 1 | AR18: 1 | AS18: 1 | AT18: 1 | AU18: 1 | AV18: 1 | AW18: 1 | AX18: 1 | AY18: 1 | AZ18: 1 | BA18: 1 | BB18: 1 | BC18: 1 | BD18: 1 | BE18: 1 | BF18: 1 | BG18: 1 | BH18: 1 | BI18: 1 | BJ18: 1 | BK18: 1 | BL18: 1 | BM18: 1 | BN18: 1 | BO18: 1 | BP18: 1 | BQ18: 1 | BR18: 1 | BS18: 1 | BT18: 1 | BU18: 1 | BV18: 1 | BW18: 1 | BX18: 1 | BY18: 1 | BZ18: 1 | CA18: 1 | CB18: 1 | CC18: 1 | CD18: 1 | CE18: 1 | CF18: 1 | CG18: 1 | CH18: 1 | CI18: 1 | CJ18: 1 | CK18: 1 | CL18: 1 | CM18: 1 | CN18: 1 | CO18: 1 | CP18: 1 | CQ18: 1 | CR18: 1 | CS18: 1 | CT18: 1 | CU18: 1 | CV18: 1 | CW18: 1 | CX18: 1 | CY18: 1 | CZ18: 1 | DA18: 1 | DB18: 1 | DC18: 1 | DD18: 1 | DE18: 1 | DF18: 1 | DG18: 1 | DH18: 1 | DI18: 1 | DJ18: 1 | DK18: 1 | DL18: 1 | DM18: 1 | DN18: 1 | DO18: 1 | DP18: 1 | DQ18: 1 | DR18: 1 | DS18: 1 | DT18: 1 | DU18: 1 | DV18: 1 | DW18: 1 | DX18: 1 | DY18: 1 | DZ18: 1 | EA18: 1 | EB18: 1 | EC18: 1 | ED18: 1 | EE18: 1 | EF18: 1 | EG18: 1 | EH18: 1 | EI18: 1 | EJ18: 1 | EK18: 1 | EL18: 1
E19: Fabricación en taller de expansiones | F19: 40 | G19: 45532 | H19: 45587 | I19: =+F19 -> 40 | J19: 0.08 | L19: 0 | M19: 0 | N19: 0 | O19: 0 | P19: 0 | Q19: 0 | R19: 0 | S19: 0.0044180727 | T19: 0.28170638 | U19: 0.44661817 | V19: 0.44682734 | W19: 0.4471411 | X19: 0.44741303 | Y19: 0.4474967 | Z19: 0.44751762 | AA19: 0.44751762 | AB19: 0.44751762 | AC19: 0.44751762 | AD19: 0.44751762 | AE19: 0.44751762 | AF19: 0.44751762 | AG19: 0.44751762 | AH19: 0.50268846 | AI19: 0.74377463 | AJ19: 0.85568156 | AK19: 1 | AL19: 1 | AM19: 1 | AN19: 1 | AO19: 1 | AP19: 1 | AQ19: 1 | AR19: 1 | AS19: 1 | AT19: 1 | AU19: 1 | AV19: 1 | AW19: 1 | AX19: 1 | AY19: 1 | AZ19: 1 | BA19: 1 | BB19: 1 | BC19: 1 | BD19: 1 | BE19: 1 | BF19: 1 | BG19: 1 | BH19: 1 | BI19: 1 | BJ19: 1 | BK19: 1 | BL19: 1 | BM19: 1 | BN19: 1 | BO19: 1 | BP19: 1 | BQ19: 1 | BR19: 1 | BS19: 1 | BT19: 1 | BU19: 1 | BV19: 1 | BW19: 1 | BX19: 1 | BY19: 1 | BZ19: 1 | CA19: 1 | CB19: 1 | CC19: 1 | CD19: 1 | CE19: 1 | CF19: 1 | CG19: 1 | CH19: 1 | CI19: 1 | CJ19: 1 | CK19: 1 | CL19: 1 | CM19: 1 | CN19: 1 | CO19: 1 | CP19: 1 | CQ19: 1 | CR19: 1 | CS19: 1 | CT19: 1 | CU19: 1 | CV19: 1 | CW19: 1 | CX19: 1 | CY19: 1 | CZ19: 1 | DA19: 1 | DB19: 1 | DC19: 1 | DD19: 1 | DE19: 1 | DF19: 1 | DG19: 1 | DH19: 1 | DI19: 1 | DJ19: 1 | DK19: 1 | DL19: 1 | DM19: 1 | DN19: 1 | DO19: 1 | DP19: 1 | DQ19: 1 | DR19: 1 | DS19: 1 | DT19: 1 | DU19: 1 | DV19: 1 | DW19: 1 | DX19: 1 | DY19: 1 | DZ19: 1 | EA19: 1 | EB19: 1 | EC19: 1 | ED19: 1 | EE19: 1 | EF19: 1 | EG19: 1 | EH19: 1 | EI19: 1 | EJ19: 1 | EK19: 1 | EL19: 1
E20: Remoción de expansiones deterioradas | F20: 40 | G20: 45489 | H20: 45545 | I20: =+F20 -> 40 | J20: 0.2 | L20: 0 | M20: 0 | N20: 0 | O20: 0 | P20: 0 | Q20: 0 | R20: 0.22248616 | S20: 0.44497232 | T20: 0.60883219 | U20: 0.6679709 | V20: 0.72130751 | W20: 0.73350279 | X20: 0.75644306 | Y20: 0.85058691 | Z20: 0.86718836 | AA20: 0.92597071 | AB20: 0.92597071 | AC20: 0.92597071 | AD20: 0.92597071 | AE20: 0.92597071 | AF20: 0.92597071 | AG20: 0.92597071 | AH20: 0.92597071 | AI20: 0.92597071 | AJ20: 0.92597071 | AK20: 0.92597071 | AL20: 0.92597071 | AM20: 0.92597071 | AN20: 0.92597071 | AO20: 0.92597071 | AP20: 0.92597071 | AQ20: 0.92597071 | AR20: 0.92597071 | AS20: 0.92597071 | AT20: 0.92597071 | AU20: 0.92597071 | AV20: 0.92597071 | AW20: 0.92597071 | AX20: 0.92597071 | AY20: 0.92597071 | AZ20: 0.94077071 | BA20: 0.95557071 | BB20: 0.97037071 | BC20: 0.98517071 | BD20: 0.99997071 | BE20: 1 | BF20: 1 | BG20: 1 | BH20: 1 | BI20: 1 | BJ20: 1 | BK20: 1 | BL20: 1 | BM20: 1 | BN20: 1 | BO20: 1 | BP20: 1 | BQ20: 1 | BR20: 1 | BS20: 1 | BT20: 1 | BU20: 1 | BV20: 1 | BW20: 1 | BX20: 1 | BY20: 1 | BZ20: 1 | CA20: 1 | CB20: 1 | CC20: 1 | CD20: 1 | CE20: 1 | CF20: 1 | CG20: 1 | CH20: 1 | CI20: 1 | CJ20: 1 | CK20: 1 | CL20: 1 | CM20: 1 | CN20: 1 | CO20: 1 | CP20: 1 | CQ20: 1 | CR20: 1 | CS20: 1 | CT20: 1 | CU20: 1 | CV20: 1 | CW20: 1 | CX20: 1 | CY20: 1 | CZ20: 1 | DA20: 1 | DB20: 1 | DC20: 1 | DD20: 1 | DE20: 1 | DF20: 1 | DG20: 1 | DH20: 1 | DI20: 1 | DJ20: 1 | DK20: 1 | DL20: 1 | DM20: 1 | DN20: 1 | DO20: 1 | DP20: 1 | DQ20: 1 | DR20: 1 | DS20: 1 | DT20: 1 | DU20: 1 | DV20: 1 | DW20: 1 | DX20: 1 | DY20: 1 | DZ20: 1 | EA20: 1 | EB20: 1 | EC20: 1 | ED20: 1 | EE20: 1 | EF20: 1 | EG20: 1 | EH20: 1 | EI20: 1 | EJ20: 1 | EK20: 1 | EL20: 1
E21: Instalación de expansiones nuevas | F21: 35 | G21: 45560 | H21: 45608 | I21: =+F21 -> 35 | J21: 0.4 | L21: 0 | M21: 0 | N21: 0 | O21: 0 | P21: 0 | Q21: 0 | R21: 0 | S21: 0 | T21: 0 | U21: 0 | V21: 0 | W21: 0 | X21: 0 | Y21: 0 | Z21: 0 | AA21: 0 | AB21: 0.050939064 | AC21: 0.058769114 | AD21: 0.065177507 | AE21: 0.069442478 | AF21: 0.29461427 | AG21: 0.34845301 | AH21: 0.45892499 | AI21: 0.54152667 | AJ21: 0.66956246 | AK21: 0.69582989 | AL21: 0.69582989 | AM21: 0.69582989 | AN21: 0.69835766 | AO21: 0.69835766 | AP21: 0.71425766 | AQ21: 0.73015766 | AR21: 0.74605766 | AS21: 0.76195766 | AT21: 0.77785766 | AU21: 0.79375766 | AV21: 0.80965766 | AW21: 0.82555766 | AX21: 0.84145766 | AY21: 0.85735766 | AZ21: 0.87325766 | BA21: 0.88915766 | BB21: 0.90505766 | BC21: 0.92095766 | BD21: 0.93685766 | BE21: 0.95275766 | BF21: 0.96865766 | BG21: 0.98455766 | BH21: 1.0004577 | BI21: 1 | BJ21: 1 | BK21: 1 | BL21: 1 | BM21: 1 | BN21: 1 | BO21: 1 | BP21: 1 | BQ21: 1 | BR21: 1 | BS21: 1 | BT21: 1 | BU21: 1 | BV21: 1 | BW21: 1 | BX21: 1 | BY21: 1 | BZ21: 1 | CA21: 1 | CB21: 1 | CC21: 1 | CD21: 1 | CE21: 1 | CF21: 1 | CG21: 1 | CH21: 1 | CI21: 1 | CJ21: 1 | CK21: 1 | CL21: 1 | CM21: 1 | CN21: 1 | CO21: 1 | CP21: 1 | CQ21: 1 | CR21: 1 | CS21: 1 | CT21: 1 | CU21: 1 | CV21: 1 | CW21: 1 | CX21: 1 | CY21: 1 | CZ21: 1 | DA21: 1 | DB21: 1 | DC21: 1 | DD21: 1 | DE21: 1 | DF21: 1 | DG21: 1 | DH21: 1 | DI21: 1 | DJ21: 1 | DK21: 1 | DL21: 1 | DM21: 1 | DN21: 1 | DO21: 1 | DP21: 1 | DQ21: 1 | DR21: 1 | DS21: 1 | DT21: 1 | DU21: 1 | DV21: 1 | DW21: 1 | DX21: 1 | DY21: 1 | DZ21: 1 | EA21: 1 | EB21: 1 | EC21: 1 | ED21: 1 | EE21: 1 | EF21: 1 | EG21: 1 | EH21: 1 | EI21: 1 | EJ21: 1 | EK21: 1 | EL21: 1
E22: Galvanizado de expansiones fabricadas | F22: 35 | G22: 45574 | H22: 45622 | I22: =+F22 -> 35 | J22: 0.12 | L22: 0 | M22: 0 | N22: 0 | O22: 0 | P22: 0 | Q22: 0 | R22: 0 | S22: 0 | T22: 0 | U22: 0 | V22: 0 | W22: 0 | X22: 0.40195635 | Y22: 0.41363581 | Z22: 0.41363581 | AA22: 0.44661817 | AB22: 0.44661817 | AC22: 0.44661817 | AD22: 0.44661817 | AE22: 0.44661817 | AF22: 0.44661817 | AG22: 0.44661817 | AH22: 0.47094348 | AI22: 0.47094348 | AJ22: 0.67840038 | AK22: 0.67840038 | AL22: 0.67840038 | AM22: 0.67840038 | AN22: 0.67840038 | AO22: 0.67840038 | AP22: 0.69850038 | AQ22: 0.71860038 | AR22: 0.73870038 | AS22: 0.75880038 | AT22: 0.77890038 | AU22: 0.79900038 | AV22: 0.81910038 | AW22: 0.83920038 | AX22: 0.85930038 | AY22: 0.87940038 | AZ22: 0.89950038 | BA22: 0.91960038 | BB22: 0.93970038 | BC22: 0.95980038 | BD22: 0.97990038 | BE22: 1.0000004 | BF22: 1 | BG22: 1 | BH22: 1 | BI22: 1 | BJ22: 1 | BK22: 1 | BL22: 1 | BM22: 1 | BN22: 1 | BO22: 1 | BP22: 1 | BQ22: 1 | BR22: 1 | BS22: 1 | BT22: 1 | BU22: 1 | BV22: 1 | BW22: 1 | BX22: 1 | BY22: 1 | BZ22: 1 | CA22: 1 | CB22: 1 | CC22: 1 | CD22: 1 | CE22: 1 | CF22: 1 | CG22: 1 | CH22: 1 | CI22: 1 | CJ22: 1 | CK22: 1 | CL22: 1 | CM22: 1 | CN22: 1 | CO22: 1 | CP22: 1 | CQ22: 1 | CR22: 1 | CS22: 1 | CT22: 1 | CU22: 1 | CV22: 1 | CW22: 1 | CX22: 1 | CY22: 1 | CZ22: 1 | DA22: 1 | DB22: 1 | DC22: 1 | DD22: 1 | DE22: 1 | DF22: 1 | DG22: 1 | DH22: 1 | DI22: 1 | DJ22: 1 | DK22: 1 | DL22: 1 | DM22: 1 | DN22: 1 | DO22: 1 | DP22: 1 | DQ22: 1 | DR22: 1 | DS22: 1 | DT22: 1 | DU22: 1 | DV22: 1 | DW22: 1 | DX22: 1 | DY22: 1 | DZ22: 1 | EA22: 1 | EB22: 1 | EC22: 1 | ED22: 1 | EE22: 1 | EF22: 1 | EG22: 1 | EH22: 1 | EI22: 1 | EJ22: 1 | EK22: 1 | EL22: 1
E23: Instalación de aislamiento y enchaquetado aluminio | F23: 35 | G23: 45588 | H23: 45636 | I23: =+F23 -> 35 | J23: 0.15 | L23: 0 | M23: 0 | N23: 0 | O23: 0 | P23: 0 | Q23: 0 | R23: 0 | S23: 0 | T23: 0 | U23: 0 | V23: 0 | W23: 0 | X23: 0 | Y23: 0 | Z23: 0 | AA23: 0 | AB23: 0 | AC23: 0 | AD23: 0 | AE23: 0 | AF23: 0 | AG23: 0 | AH23: 0 | AI23: 0 | AJ23: 0 | AK23: 0 | AL23: 0 | AM23: 0 | AN23: 0 | AO23: 0 | AP23: 0 | AQ23: 0 | AR23: 0 | AS23: 0 | AT23: 0 | AU23: 0 | AV23: 0 | AW23: 0 | AX23: 0 | AY23: 0 | AZ23: 0 | BA23: 0.0833 | BB23: 0.1666 | BC23: 0.2499 | BD23: 0.3332 | BE23: 0.4165 | BF23: 0.4998 | BG23: 0.5831 | BH23: 0.6664 | BI23: 0.7497 | BJ23: 0.833 | BK23: 0.9163 | BL23: 0.9996 | BM23: 1 | BN23: 1 | BO23: 1 | BP23: 1 | BQ23: 1 | BR23: 1 | BS23: 1 | BT23: 1 | BU23: 1 | BV23: 1 | BW23: 1 | BX23: 1 | BY23: 1 | BZ23: 1 | CA23: 1 | CB23: 1 | CC23: 1 | CD23: 1 | CE23: 1 | CF23: 1 | CG23: 1 | CH23: 1 | CI23: 1 | CJ23: 1 | CK23: 1 | CL23: 1 | CM23: 1 | CN23: 1 | CO23: 1 | CP23: 1 | CQ23: 1 | CR23: 1 | CS23: 1 | CT23: 1 | CU23: 1 | CV23: 1 | CW23: 1 | CX23: 1 | CY23: 1 | CZ23: 1 | DA23: 1 | DB23: 1 | DC23: 1 | DD23: 1 | DE23: 1 | DF23: 1 | DG23: 1 | DH23: 1 | DI23: 1 | DJ23: 1 | DK23: 1 | DL23: 1 | DM23: 1 | DN23: 1 | DO23: 1 | DP23: 1 | DQ23: 1 | DR23: 1 | DS23: 1 | DT23: 1 | DU23: 1 | DV23: 1 | DW23: 1 | DX23: 1 | DY23: 1 | DZ23: 1 | EA23: 1 | EB23: 1 | EC23: 1 | ED23: 1 | EE23: 1 | EF23: 1 | EG23: 1 | EH23: 1 | EI23: 1 | EJ23: 1 | EK23: 1 | EL23: 1
D24: 1.2 Reemplazo de tubos de gas | F24: 60 | G24: 45539 | H24: 45622 | I24: =+I25 -> 60 | J24: 0.062393862 | L24: =+L25*$J$25 -> 0 | M24: =+M25*$J$25 -> 0 | N24: =+N25*$J$25 -> 0 | O24: =+O25*$J$25 -> 0 | P24: =+P25*$J$25 -> 0 | Q24: =+Q25*$J$25 -> 0 | R24: =+R25*$J$25 -> 0.02671875 | S24: =+S25*$J$25 -> 0.0734375 | ... EL24: =+EL25*$J$25 -> 1
E25: Reemplazo de tubos de gas de los quemdores de la caldera | F25: 60 | G25: 45539 | H25: 45622 | I25: =+F25 -> 60 | J25: 1 | L25: 0 | M25: 0 | N25: 0 | O25: 0 | P25: 0 | Q25: 0 | R25: 0.02671875 | S25: 0.0734375 | T25: 0.22 | U25: 0.2425 | V25: 0.35 | W25: 0.35 | X25: 0.35 | Y25: 0.35 | Z25: 0.35 | AA25: 0.3725 | AB25: 0.5 | AC25: 0.575 | AD25: 0.5778125 | AE25: 0.58625 | AF25: 0.588125 | AG25: 0.5898125 | AH25: 0.60082812 | AI25: 0.6048125 | AJ25: 0.60783594 | AK25: 0.60851563 | AL25: 0.60851563 | AM25: 0.60851563 | AN25: 0.61564062 | AO25: 0.62201562 | AP25: 0.626375 | AQ25: 0.6355 | AR25: 0.64654687 | AS25: 0.6566875 | AT25: 0.6757875 | AU25: 0.6948875 | AV25: 0.7139875 | AW25: 0.7330875 | AX25: 0.7521875 | AY25: 0.7712875 | AZ25: 0.7903875 | BA25: 0.8094875 | BB25: 0.8285875 | BC25: 0.8476875 | BD25: 0.8667875 | BE25: 0.8858875 | BF25: 0.9049875 | BG25: 0.9240875 | BH25: 0.9431875 | BI25: 0.9622875 | BJ25: 0.9813875 | BK25: 1.0004875 | BL25: 1 | BM25: 1 | BN25: 1 | BO25: 1 | BP25: 1 | BQ25: 1 | BR25: 1 | BS25: 1 | BT25: 1 | BU25: 1 | BV25: 1 | BW25: 1 | BX25: 1 | BY25: 1 | BZ25: 1 | CA25: 1 | CB25: 1 | CC25: 1 | CD25: 1 | CE25: 1 | CF25: 1 | CG25: 1 | CH25: 1 | CI25: 1 | CJ25: 1 | CK25: 1 | CL25: 1 | CM25: 1 | CN25: 1 | CO25: 1 | CP25: 1 | CQ25: 1 | CR25: 1 | CS25: 1 | CT25: 1 | CU25: 1 | CV25: 1 | CW25: 1 | CX25: 1 | CY25: 1 | CZ25: 1 | DA25: 1 | DB25: 1 | DC25: 1 | DD25: 1 | DE25: 1 | DF25: 1 | DG25: 1 | DH25: 1 | DI25: 1 | DJ25: 1 | DK25: 1 | DL25: 1 | DM25: 1 | DN25: 1 | DO25: 1 | DP25: 1 | DQ25: 1 | DR25: 1 | DS25: 1 | DT25: 1 | DU25: 1 | DV25: 1 | DW25: 1 | DX25: 1 | DY25: 1 | DZ25: 1 | EA25: 1 | EB25: 1 | EC25: 1 | ED25: 1 | EE25: 1 | EF25: 1 | EG25: 1 | EH25: 1 | EI25: 1 | EJ25: 1 | EK25: 1 | EL25: 1
D26: 1.3 Reparación envoltura metálica | F26: 183 | G26: 45489 | H26: 45782 | I26: =+SUM(I27:I33) -> 320 | J26: 0.1250084 | L26: =+SUMPRODUCT($J$27:$J$33,L27:L33) -> 0 | M26: =+SUMPRODUCT($J$27:$J$33,M27:M33) -> 0 | N26: =+SUMPRODUCT($J$27:$J$33,N27:N33) -> 0 | O26: =+SUMPRODUCT($J$27:$J$33,O27:O33) -> 0 | P26: =+SUMPRODUCT($J$27:$J$33,P27:P33) -> 0 | Q26: =+SUMPRODUCT($J$27:$J$33,Q27:Q33) -> 0 | R26: =+SUMPRODUCT($J$27:$J$33,R27:R33) -> 0.035 | S26: =+SUMPRODUCT($J$27:$J$33,S27:S33) -> 0.0730625 | ... EL26: =+SUMPRODUCT($J$27:$J$33,EL27:EL33) -> 1
E27: Procura de laminas acanaladas cerramientos exteriores | F27: 30 | G27: 45518 | H27: 45559 | I27: =+F27 -> 30 | J27: 0.05 | L27: 0 | M27: 0 | N27: 0 | O27: 0 | P27: 0 | Q27: 0 | R27: 0 | S27: 0 | T27: 0 | U27: 0 | V27: 0 | W27: 0 | X27: 0 | Y27: 0 | Z27: 0 | AA27: 0 | AB27: 0 | AC27: 1 | AD27: 1 | AE27: 1 | AF27: 1 | AG27: 1 | AH27: 1 | AI27: 1 | AJ27: 1 | AK27: 1 | AL27: 1 | AM27: 1 | AN27: 1 | AO27: 1 | AP27: 1 | AQ27: 1 | AR27: 1 | AS27: 1 | AT27: 1 | AU27: 1 | AV27: 1 | AW27: 1 | AX27: 1 | AY27: 1 | AZ27: 1 | BA27: 1 | BB27: 1 | BC27: 1 | BD27: 1 | BE27: 1 | BF27: 1 | BG27: 1 | BH27: 1 | BI27: 1 | BJ27: 1 | BK27: 1 | BL27: 1 | BM27: 1 | BN27: 1 | BO27: 1 | BP27: 1 | BQ27: 1 | BR27: 1 | BS27: 1 | BT27: 1 | BU27: 1 | BV27: 1 | BW27: 1 | BX27: 1 | BY27: 1 | BZ27: 1 | CA27: 1 | CB27: 1 | CC27: 1 | CD27: 1 | CE27: 1 | CF27: 1 | CG27: 1 | CH27: 1 | CI27: 1 | CJ27: 1 | CK27: 1 | CL27: 1 | CM27: 1 | CN27: 1 | CO27: 1 | CP27: 1 | CQ27: 1 | CR27: 1 | CS27: 1 | CT27: 1 | CU27: 1 | CV27: 1 | CW27: 1 | CX27: 1 | CY27: 1 | CZ27: 1 | DA27: 1 | DB27: 1 | DC27: 1 | DD27: 1 | DE27: 1 | DF27: 1 | DG27: 1 | DH27: 1 | DI27: 1 | DJ27: 1 | DK27: 1 | DL27: 1 | DM27: 1 | DN27: 1 | DO27: 1 | DP27: 1 | DQ27: 1 | DR27: 1 | DS27: 1 | DT27: 1 | DU27: 1 | DV27: 1 | DW27: 1 | DX27: 1 | DY27: 1 | DZ27: 1 | EA27: 1 | EB27: 1 | EC27: 1 | ED27: 1 | EE27: 1 | EF27: 1 | EG27: 1 | EH27: 1 | EI27: 1 | EJ27: 1 | EK27: 1 | EL27: 1
E28: Desmontaje de envoltura metálica externa en paredes | F28: 55 | G28: 45489 | H28: 45566 | I28: =+F28 -> 55 | J28: 0.21 | L28: 0 | M28: 0 | N28: 0 | O28: 0 | P28: 0 | Q28: 0 | R28: 0.1 | S28: 0.20875 | T28: 0.28155 | U28: 0.35435 | V28: 0.68874 | W28: 0.68874 | X28: 0.83634 | Y28: 0.88394 | Z28: 0.88394 | AA28: 0.88394 | AB28: 0.88394 | AC28: 0.88394 | AD28: 0.88394 | AE28: 0.91034 | AF28: 0.92786 | AG28: 0.92786 | AH28: 0.92786 | AI28: 0.92786 | AJ28: 0.97178 | AK28: 0.97178 | AL28: 0.97178 | AM28: 0.97178 | AN28: 0.97178 | AO28: 0.98178 | AP28: 0.98178 | AQ28: 0.98178 | AR28: 0.98178 | AS28: 0.98178 | AT28: 0.98178 | AU28: 0.98178 | AV28: 0.98788 | AW28: 0.99398 | AX28: 1.00008 | AY28: 1 | AZ28: 1 | BA28: 1 | BB28: 1 | BC28: 1 | BD28: 1 | BE28: 1 | BF28: 1 | BG28: 1 | BH28: 1 | BI28: 1 | BJ28: 1 | BK28: 1 | BL28: 1 | BM28: 1 | BN28: 1 | BO28: 1 | BP28: 1 | BQ28: 1 | BR28: 1 | BS28: 1 | BT28: 1 | BU28: 1 | BV28: 1 | BW28: 1 | BX28: 1 | BY28: 1 | BZ28: 1 | CA28: 1 | CB28: 1 | CC28: 1 | CD28: 1 | CE28: 1 | CF28: 1 | CG28: 1 | CH28: 1 | CI28: 1 | CJ28: 1 | CK28: 1 | CL28: 1 | CM28: 1 | CN28: 1 | CO28: 1 | CP28: 1 | CQ28: 1 | CR28: 1 | CS28: 1 | CT28: 1 | CU28: 1 | CV28: 1 | CW28: 1 | CX28: 1 | CY28: 1 | CZ28: 1 | DA28: 1 | DB28: 1 | DC28: 1 | DD28: 1 | DE28: 1 | DF28: 1 | DG28: 1 | DH28: 1 | DI28: 1 | DJ28: 1 | DK28: 1 | DL28: 1 | DM28: 1 | DN28: 1 | DO28: 1 | DP28: 1 | DQ28: 1 | DR28: 1 | DS28: 1 | DT28: 1 | DU28: 1 | DV28: 1 | DW28: 1 | DX28: 1 | DY28: 1 | DZ28: 1 | EA28: 1 | EB28: 1 | EC28: 1 | ED28: 1 | EE28: 1 | EF28: 1 | EG28: 1 | EH28: 1 | EI28: 1 | EJ28: 1 | EK28: 1 | EL28: 1
E29: Desmontaje de lana mineral | F29: 55 | G29: 45504 | H29: 45580 | I29: =+F29 -> 55 | J29: 0.14 | L29: 0 | M29: 0 | N29: 0 | O29: 0 | P29: 0 | Q29: 0 | R29: 0.1 | S29: 0.20875 | T29: 0.20875 | U29: 0.28155 | V29: 0.68874 | W29: 0.68874 | X29: 0.83634 | Y29: 0.88394 | Z29: 0.88394 | AA29: 0.88394 | AB29: 0.88394 | AC29: 0.88394 | AD29: 0.88394 | AE29: 0.91034 | AF29: 0.92786 | AG29: 0.92786 | AH29: 0.92786 | AI29: 0.92786 | AJ29: 0.958268 | AK29: 0.97178 | AL29: 0.97178 | AM29: 0.97178 | AN29: 0.97178 | AO29: 0.98178 | AP29: 0.98178 | AQ29: 0.98178 | AR29: 0.98178 | AS29: 0.98178 | AT29: 0.98178 | AU29: 0.98178 | AV29: 0.98788 | AW29: 0.99398 | AX29: 1.00008 | AY29: 1 | AZ29: 1 | BA29: 1 | BB29: 1 | BC29: 1 | BD29: 1 | BE29: 1 | BF29: 1 | BG29: 1 | BH29: 1 | BI29: 1 | BJ29: 1 | BK29: 1 | BL29: 1 | BM29: 1 | BN29: 1 | BO29: 1 | BP29: 1 | BQ29: 1 | BR29: 1 | BS29: 1 | BT29: 1 | BU29: 1 | BV29: 1 | BW29: 1 | BX29: 1 | BY29: 1 | BZ29: 1 | CA29: 1 | CB29: 1 | CC29: 1 | CD29: 1 | CE29: 1 | CF29: 1 | CG29: 1 | CH29: 1 | CI29: 1 | CJ29: 1 | CK29: 1 | CL29: 1 | CM29: 1 | CN29: 1 | CO29: 1 | CP29: 1 | CQ29: 1 | CR29: 1 | CS29: 1 | CT29: 1 | CU29: 1 | CV29: 1 | CW29: 1 | CX29: 1 | CY29: 1 | CZ29: 1 | DA29: 1 | DB29: 1 | DC29: 1 | DD29: 1 | DE29: 1 | DF29: 1 | DG29: 1 | DH29: 1 | DI29: 1 | DJ29: 1 | DK29: 1 | DL29: 1 | DM29: 1 | DN29: 1 | DO29: 1 | DP29: 1 | DQ29: 1 | DR29: 1 | DS29: 1 | DT29: 1 | DU29: 1 | DV29: 1 | DW29: 1 | DX29: 1 | DY29: 1 | DZ29: 1 | EA29: 1 | EB29: 1 | EC29: 1 | ED29: 1 | EE29: 1 | EF29: 1 | EG29: 1 | EH29: 1 | EI29: 1 | EJ29: 1 | EK29: 1 | EL29: 1
E30: Montaje y ajuste de envoltura metálica externa en paredes | F30: 40 | G30: 45670 | H30: 45727 | I30: =+F30 -> 40 | J30: 0.3 | L30: 0 | M30: 0 | N30: 0 | O30: 0 | P30: 0 | Q30: 0 | R30: 0 | S30: 0 | T30: 0 | U30: 0 | V30: 0 | W30: 0 | X30: 0 | Y30: 0 | Z30: 0 | AA30: 0 | AB30: 0 | AC30: 0 | AD30: 0 | AE30: 0 | AF30: 0 | AG30: 0 | AH30: 0 | AI30: 0 | AJ30: 0 | AK30: 0 | AL30: 0 | AM30: 0 | AN30: 0 | AO30: 0 | AP30: 0 | AQ30: 0 | AR30: 0 | AS30: 0 | AT30: 0 | AU30: 0 | AV30: 0 | AW30: 0 | AX30: 0 | AY30: 0 | AZ30: 0 | BA30: 0 | BB30: 0.1111 | BC30: 0.2222 | BD30: 0.3333 | BE30: 0.4444 | BF30: 0.5555 | BG30: 0.6666 | BH30: 0.7777 | BI30: 0.8888 | BJ30: 0.9999 | BK30: 1 | BL30: 1 | BM30: 1 | BN30: 1 | BO30: 1 | BP30: 1 | BQ30: 1 | BR30: 1 | BS30: 1 | BT30: 1 | BU30: 1 | BV30: 1 | BW30: 1 | BX30: 1 | BY30: 1 | BZ30: 1 | CA30: 1 | CB30: 1 | CC30: 1 | CD30: 1 | CE30: 1 | CF30: 1 | CG30: 1 | CH30: 1 | CI30: 1 | CJ30: 1 | CK30: 1 | CL30: 1 | CM30: 1 | CN30: 1 | CO30: 1 | CP30: 1 | CQ30: 1 | CR30: 1 | CS30: 1 | CT30: 1 | CU30: 1 | CV30: 1 | CW30: 1 | CX30: 1 | CY30: 1 | CZ30: 1 | DA30: 1 | DB30: 1 | DC30: 1 | DD30: 1 | DE30: 1 | DF30: 1 | DG30: 1 | DH30: 1 | DI30: 1 | DJ30: 1 | DK30: 1 | DL30: 1 | DM30: 1 | DN30: 1 | DO30: 1 | DP30: 1 | DQ30: 1 | DR30: 1 | DS30: 1 | DT30: 1 | DU30: 1 | DV30: 1 | DW30: 1 | DX30: 1 | DY30: 1 | DZ30: 1 | EA30: 1 | EB30: 1 | EC30: 1 | ED30: 1 | EE30: 1 | EF30: 1 | EG30: 1 | EH30: 1 | EI30: 1 | EJ30: 1 | EK30: 1 | EL30: 1
E31: Aplicación sistema de recubrimiento a envoltura metálica | F31: 55 | G31: 45698 | H31: 45782 | I31: =+F31 -> 55 | J31: 0.1 | L31: 0 | M31: 0 | N31: 0 | O31: 0 | P31: 0 | Q31: 0 | R31: 0 | S31: 0 | T31: 0 | U31: 0 | V31: 0 | W31: 0 | X31: 0 | Y31: 0 | Z31: 0 | AA31: 0 | AB31: 0 | AC31: 0 | AD31: 0 | AE31: 0 | AF31: 0 | AG31: 0 | AH31: 0 | AI31: 0 | AJ31: 0 | AK31: 0 | AL31: 0 | AM31: 0 | AN31: 0 | AO31: 0 | AP31: 0 | AQ31: 0 | AR31: 0 | AS31: 0 | AT31: 0 | AU31: 0 | AV31: 0 | AW31: 0 | AX31: 0 | AY31: 0 | AZ31: 0 | BA31: 0 | BB31: 0 | BC31: 0 | BD31: 0 | BE31: 0 | BF31: 0.1429 | BG31: 0.2858 | BH31: 0.4287 | BI31: 0.5716 | BJ31: 0.7145 | BK31: 0.8574 | BL31: 1.0003 | BM31: 1 | BN31: 1 | BO31: 1 | BP31: 1 | BQ31: 1 | BR31: 1 | BS31: 1 | BT31: 1 | BU31: 1 | BV31: 1 | BW31: 1 | BX31: 1 | BY31: 1 | BZ31: 1 | CA31: 1 | CB31: 1 | CC31: 1 | CD31: 1 | CE31: 1 | CF31: 1 | CG31: 1 | CH31: 1 | CI31: 1 | CJ31: 1 | CK31: 1 | CL31: 1 | CM31: 1 | CN31: 1 | CO31: 1 | CP31: 1 | CQ31: 1 | CR31: 1 | CS31: 1 | CT31: 1 | CU31: 1 | CV31: 1 | CW31: 1 | CX31: 1 | CY31: 1 | CZ31: 1 | DA31: 1 | DB31: 1 | DC31: 1 | DD31: 1 | DE31: 1 | DF31: 1 | DG31: 1 | DH31: 1 | DI31: 1 | DJ31: 1 | DK31: 1 | DL31: 1 | DM31: 1 | DN31: 1 | DO31: 1 | DP31: 1 | DQ31: 1 | DR31: 1 | DS31: 1 | DT31: 1 | DU31: 1 | DV31: 1 | DW31: 1 | DX31: 1 | DY31: 1 | DZ31: 1 | EA31: 1 | EB31: 1 | EC31: 1 | ED31: 1 | EE31: 1 | EF31: 1 | EG31: 1 | EH31: 1 | EI31: 1 | EJ31: 1 | EK31: 1 | EL31: 1
E32: Reemplazo de laminas acanaladas del piso N° 3. Techo de quemadores, lado este y oeste y techo de ventiladores | F32: 55 | G32: 45602 | H32: 45706 | I32: =+F32 -> 55 | J32: 0.1 | L32: 0 | M32: 0 | N32: 0 | O32: 0 | P32: 0 | Q32: 0 | R32: 0 | S32: 0 | T32: 0 | U32: 0 | V32: 0 | W32: 0 | X32: 0 | Y32: 0 | Z32: 0 | AA32: 0 | AB32: 0.48628333 | AC32: 1 | AD32: 1 | AE32: 1 | AF32: 1 | AG32: 1 | AH32: 1 | AI32: 1 | AJ32: 1 | AK32: 1 | AL32: 1 | AM32: 1 | AN32: 1 | AO32: 1 | AP32: 1 | AQ32: 1 | AR32: 1 | AS32: 1 | AT32: 1 | AU32: 1 | AV32: 1 | AW32: 1 | AX32: 1 | AY32: 1 | AZ32: 1 | BA32: 1 | BB32: 1 | BC32: 1 | BD32: 1 | BE32: 1 | BF32: 1 | BG32: 1 | BH32: 1 | BI32: 1 | BJ32: 1 | BK32: 1 | BL32: 1 | BM32: 1 | BN32: 1 | BO32: 1 | BP32: 1 | BQ32: 1 | BR32: 1 | BS32: 1 | BT32: 1 | BU32: 1 | BV32: 1 | BW32: 1 | BX32: 1 | BY32: 1 | BZ32: 1 | CA32: 1 | CB32: 1 | CC32: 1 | CD32: 1 | CE32: 1 | CF32: 1 | CG32: 1 | CH32: 1 | CI32: 1 | CJ32: 1 | CK32: 1 | CL32: 1 | CM32: 1 | CN32: 1 | CO32: 1 | CP32: 1 | CQ32: 1 | CR32: 1 | CS32: 1 | CT32: 1 | CU32: 1 | CV32: 1 | CW32: 1 | CX32: 1 | CY32: 1 | CZ32: 1 | DA32: 1 | DB32: 1 | DC32: 1 | DD32: 1 | DE32: 1 | DF32: 1 | DG32: 1 | DH32: 1 | DI32: 1 | DJ32: 1 | DK32: 1 | DL32: 1 | DM32: 1 | DN32: 1 | DO32: 1 | DP32: 1 | DQ32: 1 | DR32: 1 | DS32: 1 | DT32: 1 | DU32: 1 | DV32: 1 | DW32: 1 | DX32: 1 | DY32: 1 | DZ32: 1 | EA32: 1 | EB32: 1 | EC32: 1 | ED32: 1 | EE32: 1 | EF32: 1 | EG32: 1 | EH32: 1 | EI32: 1 | EJ32: 1 | EK32: 1 | EL32: 1
E33: Instalación de laminas de acero estriadas de 1/8" en piso Nº 3 lado este y oeste | F33: 30 | G33: 45581 | H33: 45622 | I33: =+F33 -> 30 | J33: 0.1 | L33: 0 | M33: 0 | N33: 0 | O33: 0 | P33: 0 | Q33: 0 | R33: 0 | S33: 0 | T33: 0 | U33: 0 | V33: 1 | W33: 1 | X33: 1 | Y33: 1 | Z33: 1 | AA33: 1 | AB33: 1 | AC33: 1 | AD33: 1 | AE33: 1 | AF33: 1 | AG33: 1 | AH33: 1 | AI33: 1 | AJ33: 1 | AK33: 1 | AL33: 1 | AM33: 1 | AN33: 1 | AO33: 1 | AP33: 1 | AQ33: 1 | AR33: 1 | AS33: 1 | AT33: 1 | AU33: 1 | AV33: 1 | AW33: 1 | AX33: 1 | AY33: 1 | AZ33: 1 | BA33: 1 | BB33: 1 | BC33: 1 | BD33: 1 | BE33: 1 | BF33: 1 | BG33: 1 | BH33: 1 | BI33: 1 | BJ33: 1 | BK33: 1 | BL33: 1 | BM33: 1 | BN33: 1 | BO33: 1 | BP33: 1 | BQ33: 1 | BR33: 1 | BS33: 1 | BT33: 1 | BU33: 1 | BV33: 1 | BW33: 1 | BX33: 1 | BY33: 1 | BZ33: 1 | CA33: 1 | CB33: 1 | CC33: 1 | CD33: 1 | CE33: 1 | CF33: 1 | CG33: 1 | CH33: 1 | CI33: 1 | CJ33: 1 | CK33: 1 | CL33: 1 | CM33: 1 | CN33: 1 | CO33: 1 | CP33: 1 | CQ33: 1 | CR33: 1 | CS33: 1 | CT33: 1 | CU33: 1 | CV33: 1 | CW33: 1 | CX33: 1 | CY33: 1 | CZ33: 1 | DA33: 1 | DB33: 1 | DC33: 1 | DD33: 1 | DE33: 1 | DF33: 1 | DG33: 1 | DH33: 1 | DI33: 1 | DJ33: 1 | DK33: 1 | DL33: 1 | DM33: 1 | DN33: 1 | DO33: 1 | DP33: 1 | DQ33: 1 | DR33: 1 | DS33: 1 | DT33: 1 | DU33: 1 | DV33: 1 | DW33: 1 | DX33: 1 | DY33: 1 | DZ33: 1 | EA33: 1 | EB33: 1 | EC33: 1 | ED33: 1 | EE33: 1 | EF33: 1 | EG33: 1 | EH33: 1 | EI33: 1 | EJ33: 1 | EK33: 1 | EL33: 1
D34: 1.4 Reparación de cámaras muertas | F34: 75 | G34: 45607 | H34: 45741 | I34: =+SUM(I35:I37) -> 75 | J34: 0.07022068 | L34: =+SUMPRODUCT($J$35:$J$37,L35:L37) -> 0 | M34: =+SUMPRODUCT($J$35:$J$37,M35:M37) -> 0 | N34: =+SUMPRODUCT($J$35:$J$37,N35:N37) -> 0 | O34: =+SUMPRODUCT($J$35:$J$37,O35:O37) -> 0 | P34: =+SUMPRODUCT($J$35:$J$37,P35:P37) -> 0 | Q34: =+SUMPRODUCT($J$35:$J$37,Q35:Q37) -> 0 | R34: =+SUMPRODUCT($J$35:$J$37,R35:R37) -> 0 | S34: =+SUMPRODUCT($J$35:$J$37,S35:S37) -> 0.015 | ... EL34: =+SUMPRODUCT($J$35:$J$37,EL35:EL37) -> 1
E35: Reparación de cámara muerta superior | F35: 25 | G35: 45607 | H35: 45639 | I35: =+F35 -> 25 | J35: 0.4 | L35: 0 | M35: 0 | N35: 0 | O35: 0 | P35: 0 | Q35: 0 | R35: 0 | S35: 0 | T35: 0 | U35: 0 | V35: 0.0075 | W35: 0.015 | X35: 0.03 | Y35: 0.045 | Z35: 0.07 | AA35: 0.085 | AB35: 0.1 | AC35: 0.125 | AD35: 0.1625 | AE35: 0.167 | AF35: 0.17 | AG35: 0.183 | AH35: 0.186 | AI35: 0.195 | AJ35: 0.25455 | AK35: 0.2617 | AL35: 0.2617 | AM35: 0.2617 | AN35: 0.26261 | AO35: 0.2656 | AP35: 0.2656 | AQ35: 0.2656 | AR35: 0.2656 | AS35: 0.2656 | AT35: 0.2656 | AU35: 0.2656 | AV35: 0.3268 | AW35: 0.388 | AX35: 0.4492 | AY35: 0.5104 | AZ35: 0.5716 | BA35: 0.6328 | BB35: 0.694 | BC35: 0.7552 | BD35: 0.8164 | BE35: 0.8776 | BF35: 0.9388 | BG35: 1 | BH35: 1 | BI35: 1 | BJ35: 1 | BK35: 1 | BL35: 1 | BM35: 1 | BN35: 1 | BO35: 1 | BP35: 1 | BQ35: 1 | BR35: 1 | BS35: 1 | BT35: 1 | BU35: 1 | BV35: 1 | BW35: 1 | BX35: 1 | BY35: 1 | BZ35: 1 | CA35: 1 | CB35: 1 | CC35: 1 | CD35: 1 | CE35: 1 | CF35: 1 | CG35: 1 | CH35: 1 | CI35: 1 | CJ35: 1 | CK35: 1 | CL35: 1 | CM35: 1 | CN35: 1 | CO35: 1 | CP35: 1 | CQ35: 1 | CR35: 1 | CS35: 1 | CT35: 1 | CU35: 1 | CV35: 1 | CW35: 1 | CX35: 1 | CY35: 1 | CZ35: 1 | DA35: 1 | DB35: 1 | DC35: 1 | DD35: 1 | DE35: 1 | DF35: 1 | DG35: 1 | DH35: 1 | DI35: 1 | DJ35: 1 | DK35: 1 | DL35: 1 | DM35: 1 | DN35: 1 | DO35: 1 | DP35: 1 | DQ35: 1 | DR35: 1 | DS35: 1 | DT35: 1 | DU35: 1 | DV35: 1 | DW35: 1 | DX35: 1 | DY35: 1 | DZ35: 1 | EA35: 1 | EB35: 1 | EC35: 1 | ED35: 1 | EE35: 1 | EF35: 1 | EG35: 1 | EH35: 1 | EI35: 1 | EJ35: 1 | EK35: 1 | EL35: 1
E36: Reparación de cámara muerta intermedia | F36: 25 | G36: 45670 | H36: 45702 | I36: =+F36 -> 25 | J36: 0.4 | L36: 0 | M36: 0 | N36: 0 | O36: 0 | P36: 0 | Q36: 0 | R36: 0 | S36: 0 | T36: 0.075 | U36: 0.15 | V36: 0.25 | W36: 0.25 | X36: 0.25 | Y36: 0.25 | Z36: 0.25 | AA36: 0.25 | AB36: 0.25 | AC36: 0.25 | AD36: 0.25 | AE36: 0.25 | AF36: 0.25 | AG36: 0.25 | AH36: 0.25 | AI36: 0.25 | AJ36: 0.25 | AK36: 0.25 | AL36: 0.25 | AM36: 0.25 | AN36: 0.25 | AO36: 0.25 | AP36: 0.25 | AQ36: 0.25 | AR36: 0.25 | AS36: 0.25 | AT36: 0.25 | AU36: 0.25 | AV36: 0.3 | AW36: 0.35 | AX36: 0.4 | AY36: 0.45 | AZ36: 0.5 | BA36: 0.55 | BB36: 0.6 | BC36: 0.65 | BD36: 0.7 | BE36: 0.75 | BF36: 0.8 | BG36: 0.85 | BH36: 0.9 | BI36: 0.95 | BJ36: 1 | BK36: 1 | BL36: 1 | BM36: 1 | BN36: 1 | BO36: 1 | BP36: 1 | BQ36: 1 | BR36: 1 | BS36: 1 | BT36: 1 | BU36: 1 | BV36: 1 | BW36: 1 | BX36: 1 | BY36: 1 | BZ36: 1 | CA36: 1 | CB36: 1 | CC36: 1 | CD36: 1 | CE36: 1 | CF36: 1 | CG36: 1 | CH36: 1 | CI36: 1 | CJ36: 1 | CK36: 1 | CL36: 1 | CM36: 1 | CN36: 1 | CO36: 1 | CP36: 1 | CQ36: 1 | CR36: 1 | CS36: 1 | CT36: 1 | CU36: 1 | CV36: 1 | CW36: 1 | CX36: 1 | CY36: 1 | CZ36: 1 | DA36: 1 | DB36: 1 | DC36: 1 | DD36: 1 | DE36: 1 | DF36: 1 | DG36: 1 | DH36: 1 | DI36: 1 | DJ36: 1 | DK36: 1 | DL36: 1 | DM36: 1 | DN36: 1 | DO36: 1 | DP36: 1 | DQ36: 1 | DR36: 1 | DS36: 1 | DT36: 1 | DU36: 1 | DV36: 1 | DW36: 1 | DX36: 1 | DY36: 1 | DZ36: 1 | EA36: 1 | EB36: 1 | EC36: 1 | ED36: 1 | EE36: 1 | EF36: 1 | EG36: 1 | EH36: 1 | EI36: 1 | EJ36: 1 | EK36: 1 | EL36: 1
E37: Reparación de cámara muerta inferior | F37: 25 | G37: 45705 | H37: 45741 | I37: =+F37 -> 25 | J37: 0.2 | L37: 0 | M37: 0 | N37: 0 | O37: 0 | P37: 0 | Q37: 0 | R37: 0 | S37: 0.075 | T37: 0.25 | U37: 0.25 | V37: 0.3475 | W37: 0.3475 | X37: 0.3475 | Y37: 0.3475 | Z37: 0.3475 | AA37: 0.3475 | AB37: 0.3475 | AC37: 0.3475 | AD37: 0.420625 | AE37: 0.445 | AF37: 0.445 | AG37: 0.4515 | AH37: 0.453125 | AI37: 0.45475 | AJ37: 0.50675 | AK37: 0.52625 | AL37: 0.52625 | AM37: 0.52625 | AN37: 0.52625 | AO37: 0.52625 | AP37: 0.52625 | AQ37: 0.52625 | AR37: 0.52625 | AS37: 0.52625 | AT37: 0.52625 | AU37: 0.52625 | AV37: 0.52625 | AW37: 0.52625 | AX37: 0.57885 | AY37: 0.63145 | AZ37: 0.68405 | BA37: 0.73665 | BB37: 0.78925 | BC37: 0.84185 | BD37: 0.89445 | BE37: 0.94705 | BF37: 0.99965 | BG37: 1 | BH37: 1 | BI37: 1 | BJ37: 1 | BK37: 1 | BL37: 1 | BM37: 1 | BN37: 1 | BO37: 1 | BP37: 1 | BQ37: 1 | BR37: 1 | BS37: 1 | BT37: 1 | BU37: 1 | BV37: 1 | BW37: 1 | BX37: 1 | BY37: 1 | BZ37: 1 | CA37: 1 | CB37: 1 | CC37: 1 | CD37: 1 | CE37: 1 | CF37: 1 | CG37: 1 | CH37: 1 | CI37: 1 | CJ37: 1 | CK37: 1 | CL37: 1 | CM37: 1 | CN37: 1 | CO37: 1 | CP37: 1 | CQ37: 1 | CR37: 1 | CS37: 1 | CT37: 1 | CU37: 1 | CV37: 1 | CW37: 1 | CX37: 1 | CY37: 1 | CZ37: 1 | DA37: 1 | DB37: 1 | DC37: 1 | DD37: 1 | DE37: 1 | DF37: 1 | DG37: 1 | DH37: 1 | DI37: 1 | DJ37: 1 | DK37: 1 | DL37: 1 | DM37: 1 | DN37: 1 | DO37: 1 | DP37: 1 | DQ37: 1 | DR37: 1 | DS37: 1 | DT37: 1 | DU37: 1 | DV37: 1 | DW37: 1 | DX37: 1 | DY37: 1 | DZ37: 1 | EA37: 1 | EB37: 1 | EC37: 1 | ED37: 1 | EE37: 1 | EF37: 1 | EG37: 1 | EH37: 1 | EI37: 1 | EJ37: 1 | EK37: 1 | EL37: 1
D38: 1.5 Reparación ductos de aire y gas | F38: 90 | G38: 45574 | H38: 45729 | I38: =+SUM(I39:I40) -> 80 | J38: 0.20241067 | L38: =+SUMPRODUCT($J$39:$J$40,L39:L40) -> 0 | M38: =+SUMPRODUCT($J$39:$J$40,M39:M40) -> 0 | N38: =+SUMPRODUCT($J$39:$J$40,N39:N40) -> 0 | O38: =+SUMPRODUCT($J$39:$J$40,O39:O40) -> 0 | P38: =+SUMPRODUCT($J$39:$J$40,P39:P40) -> 0 | Q38: =+SUMPRODUCT($J$39:$J$40,Q39:Q40) -> 0 | R38: =+SUMPRODUCT($J$39:$J$40,R39:R40) -> 0 | S38: =+SUMPRODUCT($J$39:$J$40,S39:S40) -> 0 | ... EL38: =+SUMPRODUCT($J$39:$J$40,EL39:EL40) -> 1
E39: Reconstrucción de ductos de entrada de aire | F39: 40 | G39: 45672 | H39: 45729 | I39: =+F39 -> 40 | J39: 0.66666667 | L39: 0 | M39: 0 | N39: 0 | O39: 0 | P39: 0 | Q39: 0 | R39: 0 | S39: 0 | T39: 0 | U39: 0 | V39: 0 | W39: 0 | X39: 0 | Y39: 0 | Z39: 0 | AA39: 0 | AB39: 0 | AC39: 0 | AD39: 0 | AE39: 0 | AF39: 0 | AG39: 0 | AH39: 0 | AI39: 0 | AJ39: 0 | AK39: 0 | AL39: 0 | AM39: 0 | AN39: 0 | AO39: 0 | AP39: 0 | AQ39: 0 | AR39: 0 | AS39: 0 | AT39: 0 | AU39: 0 | AV39: 0 | AW39: 0 | AX39: 0 | AY39: 0 | AZ39: 0.1 | BA39: 0.2 | BB39: 0.3 | BC39: 0.4 | BD39: 0.5 | BE39: 0.6 | BF39: 0.7 | BG39: 0.8 | BH39: 0.9 | BI39: 1 | BJ39: 1 | BK39: 1 | BL39: 1 | BM39: 1 | BN39: 1 | BO39: 1 | BP39: 1 | BQ39: 1 | BR39: 1 | BS39: 1 | BT39: 1 | BU39: 1 | BV39: 1 | BW39: 1 | BX39: 1 | BY39: 1 | BZ39: 1 | CA39: 1 | CB39: 1 | CC39: 1 | CD39: 1 | CE39: 1 | CF39: 1 | CG39: 1 | CH39: 1 | CI39: 1 | CJ39: 1 | CK39: 1 | CL39: 1 | CM39: 1 | CN39: 1 | CO39: 1 | CP39: 1 | CQ39: 1 | CR39: 1 | CS39: 1 | CT39: 1 | CU39: 1 | CV39: 1 | CW39: 1 | CX39: 1 | CY39: 1 | CZ39: 1 | DA39: 1 | DB39: 1 | DC39: 1 | DD39: 1 | DE39: 1 | DF39: 1 | DG39: 1 | DH39: 1 | DI39: 1 | DJ39: 1 | DK39: 1 | DL39: 1 | DM39: 1 | DN39: 1 | DO39: 1 | DP39: 1 | DQ39: 1 | DR39: 1 | DS39: 1 | DT39: 1 | DU39: 1 | DV39: 1 | DW39: 1 | DX39: 1 | DY39: 1 | DZ39: 1 | EA39: 1 | EB39: 1 | EC39: 1 | ED39: 1 | EE39: 1 | EF39: 1 | EG39: 1 | EH39: 1 | EI39: 1 | EJ39: 1 | EK39: 1 | EL39: 1
E40: Reconstrucción de ductos aire caliente | F40: 40 | G40: 45574 | H40: 45629 | I40: =+F40 -> 40 | J40: 0.33333333 | L40: 0 | M40: 0 | N40: 0 | O40: 0 | P40: 0 | Q40: 0 | R40: 0 | S40: 0 | T40: 0 | U40: 0 | V40: 0 | W40: 0 | X40: 0 | Y40: 0 | Z40: 0 | AA40: 0 | AB40: 0.0826815 | AC40: 0.2071382 | AD40: 0.2727413 | AE40: 0.301383 | AF40: 0.3511604 | AG40: 0.3879753 | AH40: 0.4778035 | AI40: 0.48433268 | AJ40: 0.49240073 | AK40: 0.49240073 | AL40: 0.49240073 | AM40: 0.49240073 | AN40: 0.49240073 | AO40: 0.49511936 | AP40: 0.53391936 | AQ40: 0.57271936 | AR40: 0.61151936 | AS40: 0.65031936 | AT40: 0.68911936 | AU40: 0.72791936 | AV40: 0.76671936 | AW40: 0.80551936 | AX40: 0.84431936 | AY40: 0.88311936 | AZ40: 0.92191936 | BA40: 0.96071936 | BB40: 0.99951936 | BC40: 1 | BD40: 1 | BE40: 1 | BF40: 1 | BG40: 1 | BH40: 1 | BI40: 1 | BJ40: 1 | BK40: 1 | BL40: 1 | BM40: 1 | BN40: 1 | BO40: 1 | BP40: 1 | BQ40: 1 | BR40: 1 | BS40: 1 | BT40: 1 | BU40: 1 | BV40: 1 | BW40: 1 | BX40: 1 | BY40: 1 | BZ40: 1 | CA40: 1 | CB40: 1 | CC40: 1 | CD40: 1 | CE40: 1 | CF40: 1 | CG40: 1 | CH40: 1 | CI40: 1 | CJ40: 1 | CK40: 1 | CL40: 1 | CM40: 1 | CN40: 1 | CO40: 1 | CP40: 1 | CQ40: 1 | CR40: 1 | CS40: 1 | CT40: 1 | CU40: 1 | CV40: 1 | CW40: 1 | CX40: 1 | CY40: 1 | CZ40: 1 | DA40: 1 | DB40: 1 | DC40: 1 | DD40: 1 | DE40: 1 | DF40: 1 | DG40: 1 | DH40: 1 | DI40: 1 | DJ40: 1 | DK40: 1 | DL40: 1 | DM40: 1 | DN40: 1 | DO40: 1 | DP40: 1 | DQ40: 1 | DR40: 1 | DS40: 1 | DT40: 1 | DU40: 1 | DV40: 1 | DW40: 1 | DX40: 1 | DY40: 1 | DZ40: 1 | EA40: 1 | EB40: 1 | EC40: 1 | ED40: 1 | EE40: 1 | EF40: 1 | EG40: 1 | EH40: 1 | EI40: 1 | EJ40: 1 | EK40: 1 | EL40: 1
D41: 1.6 Reemplazo de tuberías acido y soda | F41: 40 | G41: 45702 | H41: 45762 | I41: =+I42 -> 40 | J41: 0.038913409 | L41: =+L42*$J$42 -> 0 | M41: =+M42*$J$42 -> 0 | N41: =+N42*$J$42 -> 0 | O41: =+O42*$J$42 -> 0 | P41: =+P42*$J$42 -> 0 | Q41: =+Q42*$J$42 -> 0 | R41: =+R42*$J$42 -> 0 | S41: =+S42*$J$42 -> 0 | ... EL41: =+EL42*$J$42 -> 1
E42: Instalación de tuberías y válvulas de PVC | F42: 40 | G42: 45702 | H42: 45762 | I42: =+F42 -> 40 | J42: 1 | L42: 0 | M42: 0 | N42: 0 | O42: 0 | P42: 0 | Q42: 0 | R42: 0 | S42: 0 | T42: 0 | U42: 0 | V42: 0 | W42: 0 | X42: 0 | Y42: 0 | Z42: 0 | AA42: 0 | AB42: 0 | AC42: 0 | AD42: 0 | AE42: 0 | AF42: 0 | AG42: 0 | AH42: 0 | AI42: 0 | AJ42: 0 | AK42: 0 | AL42: 0 | AM42: 0 | AN42: 0 | AO42: 0 | AP42: 0 | AQ42: 0 | AR42: 0 | AS42: 0 | AT42: 0.1111 | AU42: 0.2222 | AV42: 0.3333 | AW42: 0.4444 | AX42: 0.5555 | AY42: 0.6666 | AZ42: 0.7777 | BA42: 0.8888 | BB42: 0.9999 | BC42: 1 | BD42: 1 | BE42: 1 | BF42: 1 | BG42: 1 | BH42: 1 | BI42: 1 | BJ42: 1 | BK42: 1 | BL42: 1 | BM42: 1 | BN42: 1 | BO42: 1 | BP42: 1 | BQ42: 1 | BR42: 1 | BS42: 1 | BT42: 1 | BU42: 1 | BV42: 1 | BW42: 1 | BX42: 1 | BY42: 1 | BZ42: 1 | CA42: 1 | CB42: 1 | CC42: 1 | CD42: 1 | CE42: 1 | CF42: 1 | CG42: 1 | CH42: 1 | CI42: 1 | CJ42: 1 | CK42: 1 | CL42: 1 | CM42: 1 | CN42: 1 | CO42: 1 | CP42: 1 | CQ42: 1 | CR42: 1 | CS42: 1 | CT42: 1 | CU42: 1 | CV42: 1 | CW42: 1 | CX42: 1 | CY42: 1 | CZ42: 1 | DA42: 1 | DB42: 1 | DC42: 1 | DD42: 1 | DE42: 1 | DF42: 1 | DG42: 1 | DH42: 1 | DI42: 1 | DJ42: 1 | DK42: 1 | DL42: 1 | DM42: 1 | DN42: 1 | DO42: 1 | DP42: 1 | DQ42: 1 | DR42: 1 | DS42: 1 | DT42: 1 | DU42: 1 | DV42: 1 | DW42: 1 | DX42: 1 | DY42: 1 | DZ42: 1 | EA42: 1 | EB42: 1 | EC42: 1 | ED42: 1 | EE42: 1 | EF42: 1 | EG42: 1 | EH42: 1 | EI42: 1 | EJ42: 1 | EK42: 1 | EL42: 1
D43: 1.7 Mantenimiento en los equipos de balance BOP y equipos | F43: 120 | G43: 45611 | H43: 45814 | I43: =+SUM(I44:I47) -> 190 | J43: 0.051069782 | L43: =+SUMPRODUCT($J$44:$J$47,L44:L47) -> 0 | M43: =+SUMPRODUCT($J$44:$J$47,M44:M47) -> 0 | N43: =+SUMPRODUCT($J$44:$J$47,N44:N47) -> 0 | O43: =+SUMPRODUCT($J$44:$J$47,O44:O47) -> 0 | P43: =+SUMPRODUCT($J$44:$J$47,P44:P47) -> 0 | Q43: =+SUMPRODUCT($J$44:$J$47,Q44:Q47) -> 0 | R43: =+SUMPRODUCT($J$44:$J$47,R44:R47) -> 0 | S43: =+SUMPRODUCT($J$44:$J$47,S44:S47) -> 0 | ... EL43: =+SUMPRODUCT($J$44:$J$47,EL44:EL47) -> 1
E44: Servicio de mantenimiento a la bomba reforzadora del sistema de agua de alimentación (motobomba) lado a | F44: 50 | G44: 45611 | H44: 45708 | I44: =+F44 -> 50 | J44: 0.25 | L44: 0 | M44: 0 | N44: 0 | O44: 0 | P44: 0 | Q44: 0 | R44: 0 | S44: 0 | T44: 0 | U44: 0 | V44: 0 | W44: 0 | X44: 0 | Y44: 0 | Z44: 0 | AA44: 0 | AB44: 0 | AC44: 0 | AD44: 1 | AE44: 1 | AF44: 1 | AG44: 1 | AH44: 1 | AI44: 1 | AJ44: 1 | AK44: 1 | AL44: 1 | AM44: 1 | AN44: 1 | AO44: 1 | AP44: 1 | AQ44: 1 | AR44: 1 | AS44: 1 | AT44: 1 | AU44: 1 | AV44: 1 | AW44: 1 | AX44: 1 | AY44: 1 | AZ44: 1 | BA44: 1 | BB44: 1 | BC44: 1 | BD44: 1 | BE44: 1 | BF44: 1 | BG44: 1 | BH44: 1 | BI44: 1 | BJ44: 1 | BK44: 1 | BL44: 1 | BM44: 1 | BN44: 1 | BO44: 1 | BP44: 1 | BQ44: 1 | BR44: 1 | BS44: 1 | BT44: 1 | BU44: 1 | BV44: 1 | BW44: 1 | BX44: 1 | BY44: 1 | BZ44: 1 | CA44: 1 | CB44: 1 | CC44: 1 | CD44: 1 | CE44: 1 | CF44: 1 | CG44: 1 | CH44: 1 | CI44: 1 | CJ44: 1 | CK44: 1 | CL44: 1 | CM44: 1 | CN44: 1 | CO44: 1 | CP44: 1 | CQ44: 1 | CR44: 1 | CS44: 1 | CT44: 1 | CU44: 1 | CV44: 1 | CW44: 1 | CX44: 1 | CY44: 1 | CZ44: 1 | DA44: 1 | DB44: 1 | DC44: 1 | DD44: 1 | DE44: 1 | DF44: 1 | DG44: 1 | DH44: 1 | DI44: 1 | DJ44: 1 | DK44: 1 | DL44: 1 | DM44: 1 | DN44: 1 | DO44: 1 | DP44: 1 | DQ44: 1 | DR44: 1 | DS44: 1 | DT44: 1 | DU44: 1 | DV44: 1 | DW44: 1 | DX44: 1 | DY44: 1 | DZ44: 1 | EA44: 1 | EB44: 1 | EC44: 1 | ED44: 1 | EE44: 1 | EF44: 1 | EG44: 1 | EH44: 1 | EI44: 1 | EJ44: 1 | EK44: 1 | EL44: 1
E45: Servicio de mantenimiento de bombas extracción de condensando | F45: 50 | G45: 45674 | H45: 45748 | I45: =+F45 -> 50 | J45: 0.25 | L45: 0 | M45: 0 | N45: 0 | O45: 0 | P45: 0 | Q45: 0 | R45: 0 | S45: 0 | T45: 0 | U45: 0 | V45: 0 | W45: 0 | X45: 0 | Y45: 0 | Z45: 0 | AA45: 0 | AB45: 0 | AC45: 0 | AD45: 0.7 | AE45: 0.7 | AF45: 0.703 | AG45: 0.706 | AH45: 0.709 | AI45: 0.79 | AJ45: 0.79 | AK45: 0.79 | AL45: 0.79 | AM45: 0.79 | AN45: 0.79 | AO45: 0.79 | AP45: 0.8062 | AQ45: 0.8224 | AR45: 0.8386 | AS45: 0.8548 | AT45: 0.871 | AU45: 0.8872 | AV45: 0.9034 | AW45: 0.9196 | AX45: 0.9358 | AY45: 0.952 | AZ45: 0.9682 | BA45: 0.9844 | BB45: 1 | BC45: 1 | BD45: 1 | BE45: 1 | BF45: 1 | BG45: 1 | BH45: 1 | BI45: 1 | BJ45: 1 | BK45: 1 | BL45: 1 | BM45: 1 | BN45: 1 | BO45: 1 | BP45: 1 | BQ45: 1 | BR45: 1 | BS45: 1 | BT45: 1 | BU45: 1 | BV45: 1 | BW45: 1 | BX45: 1 | BY45: 1 | BZ45: 1 | CA45: 1 | CB45: 1 | CC45: 1 | CD45: 1 | CE45: 1 | CF45: 1 | CG45: 1 | CH45: 1 | CI45: 1 | CJ45: 1 | CK45: 1 | CL45: 1 | CM45: 1 | CN45: 1 | CO45: 1 | CP45: 1 | CQ45: 1 | CR45: 1 | CS45: 1 | CT45: 1 | CU45: 1 | CV45: 1 | CW45: 1 | CX45: 1 | CY45: 1 | CZ45: 1 | DA45: 1 | DB45: 1 | DC45: 1 | DD45: 1 | DE45: 1 | DF45: 1 | DG45: 1 | DH45: 1 | DI45: 1 | DJ45: 1 | DK45: 1 | DL45: 1 | DM45: 1 | DN45: 1 | DO45: 1 | DP45: 1 | DQ45: 1 | DR45: 1 | DS45: 1 | DT45: 1 | DU45: 1 | DV45: 1 | DW45: 1 | DX45: 1 | DY45: 1 | DZ45: 1 | EA45: 1 | EB45: 1 | EC45: 1 | ED45: 1 | EE45: 1 | EF45: 1 | EG45: 1 | EH45: 1 | EI45: 1 | EJ45: 1 | EK45: 1 | EL45: 1
E46: Servicio de mantenimiento mantenimiento valvula check de la bomba agua de alimentación | F46: 40 | G46: 45709 | H46: 45771 | I46: =+F46 -> 40 | J46: 0.2 | L46: 0 | M46: 0 | N46: 0 | O46: 0 | P46: 0 | Q46: 0 | R46: 0 | S46: 0 | T46: 0 | U46: 0 | V46: 0 | W46: 0 | X46: 0 | Y46: 0 | Z46: 0 | AA46: 0 | AB46: 0 | AC46: 0 | AD46: 0 | AE46: 0 | AF46: 0 | AG46: 0.3 | AH46: 0.5 | AI46: 0.55 | AJ46: 0.55 | AK46: 0.55 | AL46: 0.55 | AM46: 0.55 | AN46: 0.55 | AO46: 0.55 | AP46: 0.5765 | AQ46: 0.603 | AR46: 0.6295 | AS46: 0.656 | AT46: 0.6825 | AU46: 0.709 | AV46: 0.7355 | AW46: 0.762 | AX46: 0.7885 | AY46: 0.815 | AZ46: 0.8415 | BA46: 0.868 | BB46: 0.8945 | BC46: 0.921 | BD46: 0.9475 | BE46: 0.974 | BF46: 1 | BG46: 1 | BH46: 1 | BI46: 1 | BJ46: 1 | BK46: 1 | BL46: 1 | BM46: 1 | BN46: 1 | BO46: 1 | BP46: 1 | BQ46: 1 | BR46: 1 | BS46: 1 | BT46: 1 | BU46: 1 | BV46: 1 | BW46: 1 | BX46: 1 | BY46: 1 | BZ46: 1 | CA46: 1 | CB46: 1 | CC46: 1 | CD46: 1 | CE46: 1 | CF46: 1 | CG46: 1 | CH46: 1 | CI46: 1 | CJ46: 1 | CK46: 1 | CL46: 1 | CM46: 1 | CN46: 1 | CO46: 1 | CP46: 1 | CQ46: 1 | CR46: 1 | CS46: 1 | CT46: 1 | CU46: 1 | CV46: 1 | CW46: 1 | CX46: 1 | CY46: 1 | CZ46: 1 | DA46: 1 | DB46: 1 | DC46: 1 | DD46: 1 | DE46: 1 | DF46: 1 | DG46: 1 | DH46: 1 | DI46: 1 | DJ46: 1 | DK46: 1 | DL46: 1 | DM46: 1 | DN46: 1 | DO46: 1 | DP46: 1 | DQ46: 1 | DR46: 1 | DS46: 1 | DT46: 1 | DU46: 1 | DV46: 1 | DW46: 1 | DX46: 1 | DY46: 1 | DZ46: 1 | EA46: 1 | EB46: 1 | EC46: 1 | ED46: 1 | EE46: 1 | EF46: 1 | EG46: 1 | EH46: 1 | EI46: 1 | EJ46: 1 | EK46: 1 | EL46: 1
E47: Servicio de mantenimiento mantenimiento bombas agua de componentes | F47: 50 | G47: 45741 | H47: 45814 | I47: =+F47 -> 50 | J47: 0.3 | L47: 0 | M47: 0 | N47: 0 | O47: 0 | P47: 0 | Q47: 0 | R47: 0 | S47: 0 | T47: 0 | U47: 0 | V47: 0 | W47: 0 | X47: 0 | Y47: 0 | Z47: 0 | AA47: 0 | AB47: 0 | AC47: 0 | AD47: 0 | AE47: 0 | AF47: 0 | AG47: 0 | AH47: 0 | AI47: 0 | AJ47: 0 | AK47: 0 | AL47: 0 | AM47: 0 | AN47: 0 | AO47: 0 | AP47: 0 | AQ47: 0 | AR47: 0 | AS47: 0 | AT47: 0 | AU47: 0 | AV47: 0 | AW47: 0 | AX47: 0.0833 | AY47: 0.1666 | AZ47: 0.2499 | BA47: 0.3332 | BB47: 0.4165 | BC47: 0.4998 | BD47: 0.5831 | BE47: 0.6664 | BF47: 0.7497 | BG47: 0.833 | BH47: 0.9163 | BI47: 0.9996 | BJ47: 1 | BK47: 1 | BL47: 1 | BM47: 1 | BN47: 1 | BO47: 1 | BP47: 1 | BQ47: 1 | BR47: 1 | BS47: 1 | BT47: 1 | BU47: 1 | BV47: 1 | BW47: 1 | BX47: 1 | BY47: 1 | BZ47: 1 | CA47: 1 | CB47: 1 | CC47: 1 | CD47: 1 | CE47: 1 | CF47: 1 | CG47: 1 | CH47: 1 | CI47: 1 | CJ47: 1 | CK47: 1 | CL47: 1 | CM47: 1 | CN47: 1 | CO47: 1 | CP47: 1 | CQ47: 1 | CR47: 1 | CS47: 1 | CT47: 1 | CU47: 1 | CV47: 1 | CW47: 1 | CX47: 1 | CY47: 1 | CZ47: 1 | DA47: 1 | DB47: 1 | DC47: 1 | DD47: 1 | DE47: 1 | DF47: 1 | DG47: 1 | DH47: 1 | DI47: 1 | DJ47: 1 | DK47: 1 | DL47: 1 | DM47: 1 | DN47: 1 | DO47: 1 | DP47: 1 | DQ47: 1 | DR47: 1 | DS47: 1 | DT47: 1 | DU47: 1 | DV47: 1 | DW47: 1 | DX47: 1 | DY47: 1 | DZ47: 1 | EA47: 1 | EB47: 1 | EC47: 1 | ED47: 1 | EE47: 1 | EF47: 1 | EG47: 1 | EH47: 1 | EI47: 1 | EJ47: 1 | EK47: 1 | EL47: 1
D48: 1.8 Mantenimiento eléctrico | F48: 133 | G48: 45532 | H48: 45749 | I48: =+SUM(I49:I57) -> 140 | J48: 0.072801604 | L48: =+SUMPRODUCT($J$49:$J$57,L49:L57) -> 0 | M48: =+SUMPRODUCT($J$49:$J$57,M49:M57) -> 8.9782245e-05 | N48: =+SUMPRODUCT($J$49:$J$57,N49:N57) -> 0.00034065494 | O48: =+SUMPRODUCT($J$49:$J$57,O49:O57) -> 0.0060837761 | P48: =+SUMPRODUCT($J$49:$J$57,P49:P57) -> 0.012120013 | Q48: =+SUMPRODUCT($J$49:$J$57,Q49:Q57) -> 0.015307136 | R48: =+SUMPRODUCT($J$49:$J$57,R49:R57) -> 0.024156681 | S48: =+SUMPRODUCT($J$49:$J$57,S49:S57) -> 0.048951613 | ... EL48: =+SUMPRODUCT($J$49:$J$57,EL49:EL57) -> 1
E49: Servicio de Mantenimiento Eléctrico de Ductos de Excitación DC y AC | F49: 10 | G49: 45677 | H49: 45688 | I49: =+F49 -> 10 | J49: 0.133 | L49: 0 | M49: 0 | N49: 0 | O49: 0 | P49: 0 | Q49: 0 | R49: 0 | S49: 0.018656716 | T49: 0.037313433 | U49: 0.055970149 | V49: 0.074626866 | W49: 0.093283582 | X49: 0.1119403 | Y49: 0.13059701 | Z49: 0.13059701 | AA49: 0.13059701 | AB49: 0.13059701 | AC49: 0.44402985 | AD49: 0.59402985 | AE49: 0.90671642 | AF49: 0.90671642 | AG49: 0.90671642 | AH49: 1 | AI49: 1 | AJ49: 1 | AK49: 1 | AL49: 1 | AM49: 1 | AN49: 1 | AO49: 1 | AP49: 1 | AQ49: 1 | AR49: 1 | AS49: 1 | AT49: 1 | AU49: 1 | AV49: 1 | AW49: 1 | AX49: 1 | AY49: 1 | AZ49: 1 | BA49: 1 | BB49: 1 | BC49: 1 | BD49: 1 | BE49: 1 | BF49: 1 | BG49: 1 | BH49: 1 | BI49: 1 | BJ49: 1 | BK49: 1 | BL49: 1 | BM49: 1 | BN49: 1 | BO49: 1 | BP49: 1 | BQ49: 1 | BR49: 1 | BS49: 1 | BT49: 1 | BU49: 1 | BV49: 1 | BW49: 1 | BX49: 1 | BY49: 1 | BZ49: 1 | CA49: 1 | CB49: 1 | CC49: 1 | CD49: 1 | CE49: 1 | CF49: 1 | CG49: 1 | CH49: 1 | CI49: 1 | CJ49: 1 | CK49: 1 | CL49: 1 | CM49: 1 | CN49: 1 | CO49: 1 | CP49: 1 | CQ49: 1 | CR49: 1 | CS49: 1 | CT49: 1 | CU49: 1 | CV49: 1 | CW49: 1 | CX49: 1 | CY49: 1 | CZ49: 1 | DA49: 1 | DB49: 1 | DC49: 1 | DD49: 1 | DE49: 1 | DF49: 1 | DG49: 1 | DH49: 1 | DI49: 1 | DJ49: 1 | DK49: 1 | DL49: 1 | DM49: 1 | DN49: 1 | DO49: 1 | DP49: 1 | DQ49: 1 | DR49: 1 | DS49: 1 | DT49: 1 | DU49: 1 | DV49: 1 | DW49: 1 | DX49: 1 | DY49: 1 | DZ49: 1 | EA49: 1 | EB49: 1 | EC49: 1 | ED49: 1 | EE49: 1 | EF49: 1 | EG49: 1 | EH49: 1 | EI49: 1 | EJ49: 1 | EK49: 1 | EL49: 1
E50: Servicio de Mantenimiento Barras Alimentación Bombas Circulación Forzada de la Caldera (BCP) | F50: 20 | G50: 45532 | H50: 45559 | I50: =+F50 -> 20 | J50: 0.067 | L50: 0 | M50: 0 | N50: 0 | O50: 0 | P50: 0 | Q50: 0 | R50: 0 | S50: 0.025 | T50: 0.28225806 | U50: 0.29435484 | V50: 0.30645161 | W50: 0.44354839 | X50: 0.58064516 | Y50: 0.84274194 | Z50: 1 | AA50: 1 | AB50: 1 | AC50: 1 | AD50: 1 | AE50: 1 | AF50: 1 | AG50: 1 | AH50: 1 | AI50: 1 | AJ50: 1 | AK50: 1 | AL50: 1 | AM50: 1 | AN50: 1 | AO50: 1 | AP50: 1 | AQ50: 1 | AR50: 1 | AS50: 1 | AT50: 1 | AU50: 1 | AV50: 1 | AW50: 1 | AX50: 1 | AY50: 1 | AZ50: 1 | BA50: 1 | BB50: 1 | BC50: 1 | BD50: 1 | BE50: 1 | BF50: 1 | BG50: 1 | BH50: 1 | BI50: 1 | BJ50: 1 | BK50: 1 | BL50: 1 | BM50: 1 | BN50: 1 | BO50: 1 | BP50: 1 | BQ50: 1 | BR50: 1 | BS50: 1 | BT50: 1 | BU50: 1 | BV50: 1 | BW50: 1 | BX50: 1 | BY50: 1 | BZ50: 1 | CA50: 1 | CB50: 1 | CC50: 1 | CD50: 1 | CE50: 1 | CF50: 1 | CG50: 1 | CH50: 1 | CI50: 1 | CJ50: 1 | CK50: 1 | CL50: 1 | CM50: 1 | CN50: 1 | CO50: 1 | CP50: 1 | CQ50: 1 | CR50: 1 | CS50: 1 | CT50: 1 | CU50: 1 | CV50: 1 | CW50: 1 | CX50: 1 | CY50: 1 | CZ50: 1 | DA50: 1 | DB50: 1 | DC50: 1 | DD50: 1 | DE50: 1 | DF50: 1 | DG50: 1 | DH50: 1 | DI50: 1 | DJ50: 1 | DK50: 1 | DL50: 1 | DM50: 1 | DN50: 1 | DO50: 1 | DP50: 1 | DQ50: 1 | DR50: 1 | DS50: 1 | DT50: 1 | DU50: 1 | DV50: 1 | DW50: 1 | DX50: 1 | DY50: 1 | DZ50: 1 | EA50: 1 | EB50: 1 | EC50: 1 | ED50: 1 | EE50: 1 | EF50: 1 | EG50: 1 | EH50: 1 | EI50: 1 | EJ50: 1 | EK50: 1 | EL50: 1
E51: Servicio de Mantenimiento Eléctrico interruptor de campo del Generador | F51: 10 | G51: 45677 | H51: 45688 | I51: =+F51 -> 10 | J51: 0.067 | L51: 0 | M51: 0 | N51: 0 | O51: 0 | P51: 0 | Q51: 0 | R51: 0 | S51: 0.014705882 | T51: 0.029411765 | U51: 0.044117647 | V51: 0.058823529 | W51: 0.073529412 | X51: 0.088235294 | Y51: 0.15909091 | Z51: 0.29090909 | AA51: 0.56363636 | AB51: 0.94545455 | AC51: 0.97272727 | AD51: 0.97272727 | AE51: 0.97272727 | AF51: 0.97272727 | AG51: 0.97272727 | AH51: 1 | AI51: 1 | AJ51: 1 | AK51: 1 | AL51: 1 | AM51: 1 | AN51: 1 | AO51: 1 | AP51: 1 | AQ51: 1 | AR51: 1 | AS51: 1 | AT51: 1 | AU51: 1 | AV51: 1 | AW51: 1 | AX51: 1 | AY51: 1 | AZ51: 1 | BA51: 1 | BB51: 1 | BC51: 1 | BD51: 1 | BE51: 1 | BF51: 1 | BG51: 1 | BH51: 1 | BI51: 1 | BJ51: 1 | BK51: 1 | BL51: 1 | BM51: 1 | BN51: 1 | BO51: 1 | BP51: 1 | BQ51: 1 | BR51: 1 | BS51: 1 | BT51: 1 | BU51: 1 | BV51: 1 | BW51: 1 | BX51: 1 | BY51: 1 | BZ51: 1 | CA51: 1 | CB51: 1 | CC51: 1 | CD51: 1 | CE51: 1 | CF51: 1 | CG51: 1 | CH51: 1 | CI51: 1 | CJ51: 1 | CK51: 1 | CL51: 1 | CM51: 1 | CN51: 1 | CO51: 1 | CP51: 1 | CQ51: 1 | CR51: 1 | CS51: 1 | CT51: 1 | CU51: 1 | CV51: 1 | CW51: 1 | CX51: 1 | CY51: 1 | CZ51: 1 | DA51: 1 | DB51: 1 | DC51: 1 | DD51: 1 | DE51: 1 | DF51: 1 | DG51: 1 | DH51: 1 | DI51: 1 | DJ51: 1 | DK51: 1 | DL51: 1 | DM51: 1 | DN51: 1 | DO51: 1 | DP51: 1 | DQ51: 1 | DR51: 1 | DS51: 1 | DT51: 1 | DU51: 1 | DV51: 1 | DW51: 1 | DX51: 1 | DY51: 1 | DZ51: 1 | EA51: 1 | EB51: 1 | EC51: 1 | ED51: 1 | EE51: 1 | EF51: 1 | EG51: 1 | EH51: 1 | EI51: 1 | EJ51: 1 | EK51: 1 | EL51: 1
E52: Servicio de Mantenimiento Eléctrico al Rectificador de Tiristores | F52: 15 | G52: 45691 | H52: 45709 | I52: =+F52 -> 15 | J52: 0.133 | L52: 0 | M52: 0 | N52: 0 | O52: 0 | P52: 0 | Q52: 0 | R52: 0.0121673 | S52: 0.038593156 | T52: 0.058935361 | U52: 0.073193916 | V52: 0.087452471 | W52: 0.10171103 | X52: 0.11596958 | Y52: 0.13022814 | Z52: 0.23574144 | AA52: 0.49239544 | AB52: 0.73574144 | AC52: 0.97148289 | AD52: 0.97148289 | AE52: 0.97148289 | AF52: 0.97148289 | AG52: 0.97148289 | AH52: 1 | AI52: 1 | AJ52: 1 | AK52: 1 | AL52: 1 | AM52: 1 | AN52: 1 | AO52: 1 | AP52: 1 | AQ52: 1 | AR52: 1 | AS52: 1 | AT52: 1 | AU52: 1 | AV52: 1 | AW52: 1 | AX52: 1 | AY52: 1 | AZ52: 1 | BA52: 1 | BB52: 1 | BC52: 1 | BD52: 1 | BE52: 1 | BF52: 1 | BG52: 1 | BH52: 1 | BI52: 1 | BJ52: 1 | BK52: 1 | BL52: 1 | BM52: 1 | BN52: 1 | BO52: 1 | BP52: 1 | BQ52: 1 | BR52: 1 | BS52: 1 | BT52: 1 | BU52: 1 | BV52: 1 | BW52: 1 | BX52: 1 | BY52: 1 | BZ52: 1 | CA52: 1 | CB52: 1 | CC52: 1 | CD52: 1 | CE52: 1 | CF52: 1 | CG52: 1 | CH52: 1 | CI52: 1 | CJ52: 1 | CK52: 1 | CL52: 1 | CM52: 1 | CN52: 1 | CO52: 1 | CP52: 1 | CQ52: 1 | CR52: 1 | CS52: 1 | CT52: 1 | CU52: 1 | CV52: 1 | CW52: 1 | CX52: 1 | CY52: 1 | CZ52: 1 | DA52: 1 | DB52: 1 | DC52: 1 | DD52: 1 | DE52: 1 | DF52: 1 | DG52: 1 | DH52: 1 | DI52: 1 | DJ52: 1 | DK52: 1 | DL52: 1 | DM52: 1 | DN52: 1 | DO52: 1 | DP52: 1 | DQ52: 1 | DR52: 1 | DS52: 1 | DT52: 1 | DU52: 1 | DV52: 1 | DW52: 1 | DX52: 1 | DY52: 1 | DZ52: 1 | EA52: 1 | EB52: 1 | EC52: 1 | ED52: 1 | EE52: 1 | EF52: 1 | EG52: 1 | EH52: 1 | EI52: 1 | EJ52: 1 | EK52: 1 | EL52: 1
E53: Servicio de Mantenimiento Eléctrico en las Barras e interruptores 8HVS/A - 4,16 Kv y 8HVS/B 4,16 Kv | F53: 30 | G53: 45560 | H53: 45601 | I53: =+F53 -> 30 | J53: 0.13 | L53: 0 | M53: 0 | N53: 0 | O53: 0.013079019 | P53: 0.026158038 | Q53: 0.032697548 | R53: 0.039237057 | S53: 0.06253406 | T53: 0.085831063 | U53: 0.34573941 | V53: 0.63325563 | W53: 0.83974359 | X53: 0.85042735 | Y53: 0.86111111 | Z53: 1 | AA53: 1 | AB53: 1 | AC53: 1 | AD53: 1 | AE53: 1 | AF53: 1 | AG53: 1 | AH53: 1 | AI53: 1 | AJ53: 1 | AK53: 1 | AL53: 1 | AM53: 1 | AN53: 1 | AO53: 1 | AP53: 1 | AQ53: 1 | AR53: 1 | AS53: 1 | AT53: 1 | AU53: 1 | AV53: 1 | AW53: 1 | AX53: 1 | AY53: 1 | AZ53: 1 | BA53: 1 | BB53: 1 | BC53: 1 | BD53: 1 | BE53: 1 | BF53: 1 | BG53: 1 | BH53: 1 | BI53: 1 | BJ53: 1 | BK53: 1 | BL53: 1 | BM53: 1 | BN53: 1 | BO53: 1 | BP53: 1 | BQ53: 1 | BR53: 1 | BS53: 1 | BT53: 1 | BU53: 1 | BV53: 1 | BW53: 1 | BX53: 1 | BY53: 1 | BZ53: 1 | CA53: 1 | CB53: 1 | CC53: 1 | CD53: 1 | CE53: 1 | CF53: 1 | CG53: 1 | CH53: 1 | CI53: 1 | CJ53: 1 | CK53: 1 | CL53: 1 | CM53: 1 | CN53: 1 | CO53: 1 | CP53: 1 | CQ53: 1 | CR53: 1 | CS53: 1 | CT53: 1 | CU53: 1 | CV53: 1 | CW53: 1 | CX53: 1 | CY53: 1 | CZ53: 1 | DA53: 1 | DB53: 1 | DC53: 1 | DD53: 1 | DE53: 1 | DF53: 1 | DG53: 1 | DH53: 1 | DI53: 1 | DJ53: 1 | DK53: 1 | DL53: 1 | DM53: 1 | DN53: 1 | DO53: 1 | DP53: 1 | DQ53: 1 | DR53: 1 | DS53: 1 | DT53: 1 | DU53: 1 | DV53: 1 | DW53: 1 | DX53: 1 | DY53: 1 | DZ53: 1 | EA53: 1 | EB53: 1 | EC53: 1 | ED53: 1 | EE53: 1 | EF53: 1 | EG53: 1 | EH53: 1 | EI53: 1 | EJ53: 1 | EK53: 1 | EL53: 1
E54: Servicio de Mantenimiento Eléctrico en el punto neutro del Generador | F54: 5 | G54: 45698 | H54: 45702 | I54: =+F54 -> 5 | J54: 0.133 | L54: 0 | M54: 0 | N54: 0 | O54: 0 | P54: 0 | Q54: 0 | R54: 0 | S54: 0.022727273 | T54: 0.045454545 | U54: 0.068181818 | V54: 0.090909091 | W54: 0.11363636 | X54: 0.13636364 | Y54: 0.15909091 | Z54: 0.15909091 | AA54: 0.15909091 | AB54: 0.15909091 | AC54: 0.15909091 | AD54: 0.37727273 | AE54: 0.70909091 | AF54: 0.90909091 | AG54: 0.95 | AH54: 1 | AI54: 1 | AJ54: 1 | AK54: 1 | AL54: 1 | AM54: 1 | AN54: 1 | AO54: 1 | AP54: 1 | AQ54: 1 | AR54: 1 | AS54: 1 | AT54: 1 | AU54: 1 | AV54: 1 | AW54: 1 | AX54: 1 | AY54: 1 | AZ54: 1 | BA54: 1 | BB54: 1 | BC54: 1 | BD54: 1 | BE54: 1 | BF54: 1 | BG54: 1 | BH54: 1 | BI54: 1 | BJ54: 1 | BK54: 1 | BL54: 1 | BM54: 1 | BN54: 1 | BO54: 1 | BP54: 1 | BQ54: 1 | BR54: 1 | BS54: 1 | BT54: 1 | BU54: 1 | BV54: 1 | BW54: 1 | BX54: 1 | BY54: 1 | BZ54: 1 | CA54: 1 | CB54: 1 | CC54: 1 | CD54: 1 | CE54: 1 | CF54: 1 | CG54: 1 | CH54: 1 | CI54: 1 | CJ54: 1 | CK54: 1 | CL54: 1 | CM54: 1 | CN54: 1 | CO54: 1 | CP54: 1 | CQ54: 1 | CR54: 1 | CS54: 1 | CT54: 1 | CU54: 1 | CV54: 1 | CW54: 1 | CX54: 1 | CY54: 1 | CZ54: 1 | DA54: 1 | DB54: 1 | DC54: 1 | DD54: 1 | DE54: 1 | DF54: 1 | DG54: 1 | DH54: 1 | DI54: 1 | DJ54: 1 | DK54: 1 | DL54: 1 | DM54: 1 | DN54: 1 | DO54: 1 | DP54: 1 | DQ54: 1 | DR54: 1 | DS54: 1 | DT54: 1 | DU54: 1 | DV54: 1 | DW54: 1 | DX54: 1 | DY54: 1 | DZ54: 1 | EA54: 1 | EB54: 1 | EC54: 1 | ED54: 1 | EE54: 1 | EF54: 1 | EG54: 1 | EH54: 1 | EI54: 1 | EJ54: 1 | EK54: 1 | EL54: 1
E55: Servicio de Mantenimiento Eléctrico en Bancos de Baterías | F55: 20 | G55: 45721 | H55: 45749 | I55: =+F55 -> 20 | J55: 0.203 | L55: 0 | M55: 0 | N55: 0 | O55: 0 | P55: 0 | Q55: 0 | R55: 0 | S55: 0.022727273 | T55: 0.045454545 | U55: 0.068181818 | V55: 0.090909091 | W55: 0.11363636 | X55: 0.13636364 | Y55: 0.15909091 | Z55: 0.15909091 | AA55: 0.15909091 | AB55: 0.15909091 | AC55: 0.15909091 | AD55: 0.15909091 | AE55: 0.15909091 | AF55: 0.18672727 | AG55: 0.29090909 | AH55: 0.4 | AI55: 0.4 | AJ55: 0.4 | AK55: 0.4 | AL55: 0.4 | AM55: 0.4 | AN55: 0.6 | AO55: 0.95636364 | AP55: 0.96076364 | AQ55: 0.96516364 | AR55: 0.96956364 | AS55: 0.97396364 | AT55: 0.97836364 | AU55: 0.98276364 | AV55: 0.98716364 | AW55: 0.99156364 | AX55: 0.99596364 | AY55: 1.0003636 | AZ55: 1 | BA55: 1 | BB55: 1 | BC55: 1 | BD55: 1 | BE55: 1 | BF55: 1 | BG55: 1 | BH55: 1 | BI55: 1 | BJ55: 1 | BK55: 1 | BL55: 1 | BM55: 1 | BN55: 1 | BO55: 1 | BP55: 1 | BQ55: 1 | BR55: 1 | BS55: 1 | BT55: 1 | BU55: 1 | BV55: 1 | BW55: 1 | BX55: 1 | BY55: 1 | BZ55: 1 | CA55: 1 | CB55: 1 | CC55: 1 | CD55: 1 | CE55: 1 | CF55: 1 | CG55: 1 | CH55: 1 | CI55: 1 | CJ55: 1 | CK55: 1 | CL55: 1 | CM55: 1 | CN55: 1 | CO55: 1 | CP55: 1 | CQ55: 1 | CR55: 1 | CS55: 1 | CT55: 1 | CU55: 1 | CV55: 1 | CW55: 1 | CX55: 1 | CY55: 1 | CZ55: 1 | DA55: 1 | DB55: 1 | DC55: 1 | DD55: 1 | DE55: 1 | DF55: 1 | DG55: 1 | DH55: 1 | DI55: 1 | DJ55: 1 | DK55: 1 | DL55: 1 | DM55: 1 | DN55: 1 | DO55: 1 | DP55: 1 | DQ55: 1 | DR55: 1 | DS55: 1 | DT55: 1 | DU55: 1 | DV55: 1 | DW55: 1 | DX55: 1 | DY55: 1 | DZ55: 1 | EA55: 1 | EB55: 1 | EC55: 1 | ED55: 1 | EE55: 1 | EF55: 1 | EG55: 1 | EH55: 1 | EI55: 1 | EJ55: 1 | EK55: 1 | EL55: 1
E56: Servicio de Mantenimiento Eléctrico En Pilotos y Quemadores | F56: 30 | G56: 45581 | H56: 45622 | I56: =+F56 -> 30 | J56: 0.067 | L56: 0 | M56: 0 | N56: 0.0010643016 | O56: 0.0017738359 | P56: 0.0028381375 | Q56: 0.0035476718 | R56: 0.0053215078 | S56: 0.0154102 | T56: 0.77050998 | U56: 0.85864745 | V56: 0.78 | W56: 0.7875 | X56: 0.795 | Y56: 0.8025 | Z56: 0.8025 | AA56: 0.8025 | AB56: 0.8025 | AC56: 0.8025 | AD56: 0.8025 | AE56: 0.8025 | AF56: 0.8025 | AG56: 0.8025 | AH56: 0.8025 | AI56: 0.8025 | AJ56: 0.8425 | AK56: 0.96 | AL56: 0.96 | AM56: 0.96 | AN56: 0.97 | AO56: 0.98 | AP56: 0.9867 | AQ56: 0.9934 | AR56: 1.0001 | AS56: 1 | AT56: 1 | AU56: 1 | AV56: 1 | AW56: 1 | AX56: 1 | AY56: 1 | AZ56: 1 | BA56: 1 | BB56: 1 | BC56: 1 | BD56: 1 | BE56: 1 | BF56: 1 | BG56: 1 | BH56: 1 | BI56: 1 | BJ56: 1 | BK56: 1 | BL56: 1 | BM56: 1 | BN56: 1 | BO56: 1 | BP56: 1 | BQ56: 1 | BR56: 1 | BS56: 1 | BT56: 1 | BU56: 1 | BV56: 1 | BW56: 1 | BX56: 1 | BY56: 1 | BZ56: 1 | CA56: 1 | CB56: 1 | CC56: 1 | CD56: 1 | CE56: 1 | CF56: 1 | CG56: 1 | CH56: 1 | CI56: 1 | CJ56: 1 | CK56: 1 | CL56: 1 | CM56: 1 | CN56: 1 | CO56: 1 | CP56: 1 | CQ56: 1 | CR56: 1 | CS56: 1 | CT56: 1 | CU56: 1 | CV56: 1 | CW56: 1 | CX56: 1 | CY56: 1 | CZ56: 1 | DA56: 1 | DB56: 1 | DC56: 1 | DD56: 1 | DE56: 1 | DF56: 1 | DG56: 1 | DH56: 1 | DI56: 1 | DJ56: 1 | DK56: 1 | DL56: 1 | DM56: 1 | DN56: 1 | DO56: 1 | DP56: 1 | DQ56: 1 | DR56: 1 | DS56: 1 | DT56: 1 | DU56: 1 | DV56: 1 | DW56: 1 | DX56: 1 | DY56: 1 | DZ56: 1 | EA56: 1 | EB56: 1 | EC56: 1 | ED56: 1 | EE56: 1 | EF56: 1 | EG56: 1 | EH56: 1 | EI56: 1 | EJ56: 1 | EK56: 1 | EL56: 1
E57: Servicios Mantenimiento de Centro de Carga 480 v caldera, turbina, valvulas, emergencias | I57: =+F57 -> 0 | J57: 0.067 | L57: 0 | M57: 0.0013400335 | N57: 0.0040201005 | O57: 0.063651591 | P57: 0.12730318 | Q57: 0.16147404 | R57: 0.25494137 | S57: 0.32654941 | T57: 0.59547739 | U57: 0.60175879 | V57: 0.74204355 | W57: 0.77763819 | X57: 0.82328308 | Y57: 0.89824121 | Z57: 1 | AA57: 1 | AB57: 1 | AC57: 1 | AD57: 1 | AE57: 1 | AF57: 1 | AG57: 1 | AH57: 1 | AI57: 1 | AJ57: 1 | AK57: 1 | AL57: 1 | AM57: 1 | AN57: 1 | AO57: 1 | AP57: 1 | AQ57: 1 | AR57: 1 | AS57: 1 | AT57: 1 | AU57: 1 | AV57: 1 | AW57: 1 | AX57: 1 | AY57: 1 | AZ57: 1 | BA57: 1 | BB57: 1 | BC57: 1 | BD57: 1 | BE57: 1 | BF57: 1 | BG57: 1 | BH57: 1 | BI57: 1 | BJ57: 1 | BK57: 1 | BL57: 1 | BM57: 1 | BN57: 1 | BO57: 1 | BP57: 1 | BQ57: 1 | BR57: 1 | BS57: 1 | BT57: 1 | BU57: 1 | BV57: 1 | BW57: 1 | BX57: 1 | BY57: 1 | BZ57: 1 | CA57: 1 | CB57: 1 | CC57: 1 | CD57: 1 | CE57: 1 | CF57: 1 | CG57: 1 | CH57: 1 | CI57: 1 | CJ57: 1 | CK57: 1 | CL57: 1 | CM57: 1 | CN57: 1 | CO57: 1 | CP57: 1 | CQ57: 1 | CR57: 1 | CS57: 1 | CT57: 1 | CU57: 1 | CV57: 1 | CW57: 1 | CX57: 1 | CY57: 1 | CZ57: 1 | DA57: 1 | DB57: 1 | DC57: 1 | DD57: 1 | DE57: 1 | DF57: 1 | DG57: 1 | DH57: 1 | DI57: 1 | DJ57: 1 | DK57: 1 | DL57: 1 | DM57: 1 | DN57: 1 | DO57: 1 | DP57: 1 | DQ57: 1 | DR57: 1 | DS57: 1 | DT57: 1 | DU57: 1 | DV57: 1 | DW57: 1 | DX57: 1 | DY57: 1 | DZ57: 1 | EA57: 1 | EB57: 1 | EC57: 1 | ED57: 1 | EE57: 1 | EF57: 1 | EG57: 1 | EH57: 1 | EI57: 1 | EJ57: 1 | EK57: 1 | EL57: 1
D58: 1.9 Matenimiento de equipos y sistema de instrumentación | F58: 106 | G58: 45576 | H58: 45756 | I58: =+SUM(I59:I71) -> 500 | J58: 0.093701133 | L58: =+SUMPRODUCT($J$59:$J$71,L59:L71) -> 0 | M58: =+SUMPRODUCT($J$59:$J$71,M59:M71) -> 0 | N58: =+SUMPRODUCT($J$59:$J$71,N59:N71) -> 0 | O58: =+SUMPRODUCT($J$59:$J$71,O59:O71) -> 0 | P58: =+SUMPRODUCT($J$59:$J$71,P59:P71) -> 0 | Q58: =+SUMPRODUCT($J$59:$J$71,Q59:Q71) -> 0 | R58: =+SUMPRODUCT($J$59:$J$71,R59:R71) -> 0 | S58: =+SUMPRODUCT($J$59:$J$71,S59:S71) -> 0 | ... EL58: =+SUMPRODUCT($J$59:$J$71,EL59:EL71) -> 1
E59: Servicio de Actuador Neumáticos | F59: 30 | G59: 45576 | H59: 45617 | I59: =+F59 -> 30 | J59: 0.06 | L59: 0 | M59: 0 | N59: 0 | O59: 0 | P59: 0 | Q59: 0 | R59: 0 | S59: 0 | T59: 0 | U59: 0 | V59: 0 | W59: 0 | X59: 0 | Y59: 0 | Z59: 0 | AA59: 0 | AB59: 0.0047785194 | AC59: 0.048847087 | AD59: 0.12238319 | AE59: 0.16990291 | AF59: 0.21140777 | AG59: 0.24253641 | AH59: 0.33592233 | AI59: 0.46043689 | AJ59: 0.6 | AK59: 0.82014563 | AL59: 0.82014563 | AM59: 0.82014563 | AN59: 0.82014563 | AO59: 0.83398058 | AP59: 0.85478058 | AQ59: 0.87558058 | AR59: 0.89638058 | AS59: 0.91718058 | AT59: 0.93798058 | AU59: 0.95878058 | AV59: 0.97958058 | AW59: 1.0003806 | AX59: 1 | AY59: 1 | AZ59: 1 | BA59: 1 | BB59: 1 | BC59: 1 | BD59: 1 | BE59: 1 | BF59: 1 | BG59: 1 | BH59: 1 | BI59: 1 | BJ59: 1 | BK59: 1 | BL59: 1 | BM59: 1 | BN59: 1 | BO59: 1 | BP59: 1 | BQ59: 1 | BR59: 1 | BS59: 1 | BT59: 1 | BU59: 1 | BV59: 1 | BW59: 1 | BX59: 1 | BY59: 1 | BZ59: 1 | CA59: 1 | CB59: 1 | CC59: 1 | CD59: 1 | CE59: 1 | CF59: 1 | CG59: 1 | CH59: 1 | CI59: 1 | CJ59: 1 | CK59: 1 | CL59: 1 | CM59: 1 | CN59: 1 | CO59: 1 | CP59: 1 | CQ59: 1 | CR59: 1 | CS59: 1 | CT59: 1 | CU59: 1 | CV59: 1 | CW59: 1 | CX59: 1 | CY59: 1 | CZ59: 1 | DA59: 1 | DB59: 1 | DC59: 1 | DD59: 1 | DE59: 1 | DF59: 1 | DG59: 1 | DH59: 1 | DI59: 1 | DJ59: 1 | DK59: 1 | DL59: 1 | DM59: 1 | DN59: 1 | DO59: 1 | DP59: 1 | DQ59: 1 | DR59: 1 | DS59: 1 | DT59: 1 | DU59: 1 | DV59: 1 | DW59: 1 | DX59: 1 | DY59: 1 | DZ59: 1 | EA59: 1 | EB59: 1 | EC59: 1 | ED59: 1 | EE59: 1 | EF59: 1 | EG59: 1 | EH59: 1 | EI59: 1 | EJ59: 1 | EK59: 1 | EL59: 1
E60: Servicio de Barrido y Llenado del Hidrógeno (H2) del Generador | F60: 10 | G60: 45743 | H60: 45756 | I60: =+F60 -> 10 | J60: 0.02 | L60: 0 | M60: 0 | N60: 0 | O60: 0 | P60: 0 | Q60: 0 | R60: 0 | S60: 0 | T60: 0 | U60: 0 | V60: 0 | W60: 0 | X60: 0 | Y60: 0 | Z60: 0 | AA60: 0 | AB60: 0 | AC60: 0 | AD60: 0 | AE60: 0 | AF60: 0 | AG60: 0 | AH60: 0 | AI60: 0 | AJ60: 0 | AK60: 0 | AL60: 0 | AM60: 0 | AN60: 0 | AO60: 0 | AP60: 0 | AQ60: 0 | AR60: 0 | AS60: 0 | AT60: 0 | AU60: 0 | AV60: 0 | AW60: 0 | AX60: 0 | AY60: 0 | AZ60: 0 | BA60: 0 | BB60: 0 | BC60: 0 | BD60: 0 | BE60: 0 | BF60: 0 | BG60: 0.3333 | BH60: 0.6666 | BI60: 1 | BJ60: 1 | BK60: 1 | BL60: 1 | BM60: 1 | BN60: 1 | BO60: 1 | BP60: 1 | BQ60: 1 | BR60: 1 | BS60: 1 | BT60: 1 | BU60: 1 | BV60: 1 | BW60: 1 | BX60: 1 | BY60: 1 | BZ60: 1 | CA60: 1 | CB60: 1 | CC60: 1 | CD60: 1 | CE60: 1 | CF60: 1 | CG60: 1 | CH60: 1 | CI60: 1 | CJ60: 1 | CK60: 1 | CL60: 1 | CM60: 1 | CN60: 1 | CO60: 1 | CP60: 1 | CQ60: 1 | CR60: 1 | CS60: 1 | CT60: 1 | CU60: 1 | CV60: 1 | CW60: 1 | CX60: 1 | CY60: 1 | CZ60: 1 | DA60: 1 | DB60: 1 | DC60: 1 | DD60: 1 | DE60: 1 | DF60: 1 | DG60: 1 | DH60: 1 | DI60: 1 | DJ60: 1 | DK60: 1 | DL60: 1 | DM60: 1 | DN60: 1 | DO60: 1 | DP60: 1 | DQ60: 1 | DR60: 1 | DS60: 1 | DT60: 1 | DU60: 1 | DV60: 1 | DW60: 1 | DX60: 1 | DY60: 1 | DZ60: 1 | EA60: 1 | EB60: 1 | EC60: 1 | ED60: 1 | EE60: 1 | EF60: 1 | EG60: 1 | EH60: 1 | EI60: 1 | EJ60: 1 | EK60: 1 | EL60: 1
E61: Servicio de Revisión de Manómetros y Termómetros | F61: 40 | G61: 45590 | H61: 45673 | I61: =+F61 -> 40 | J61: 0.08 | L61: 0 | M61: 0 | N61: 0 | O61: 0 | P61: 0 | Q61: 0 | R61: 0 | S61: 0 | T61: 0 | U61: 0 | V61: 0.13300493 | W61: 0.19433498 | X61: 0.35600985 | Y61: 0.4640832 | Z61: 0.6261434 | AA61: 0.93452545 | AB61: 0.93452545 | AC61: 0.93452545 | AD61: 0.93452545 | AE61: 0.93452545 | AF61: 0.93452545 | AG61: 0.93452545 | AH61: 0.95 | AI61: 0.95 | AJ61: 0.95 | AK61: 0.95 | AL61: 0.95 | AM61: 0.95 | AN61: 0.95 | AO61: 0.95 | AP61: 0.9556 | AQ61: 0.9612 | AR61: 0.9668 | AS61: 0.9724 | AT61: 0.978 | AU61: 0.9836 | AV61: 0.9892 | AW61: 0.9948 | AX61: 1.0004 | AY61: 1 | AZ61: 1 | BA61: 1 | BB61: 1 | BC61: 1 | BD61: 1 | BE61: 1 | BF61: 1 | BG61: 1 | BH61: 1 | BI61: 1 | BJ61: 1 | BK61: 1 | BL61: 1 | BM61: 1 | BN61: 1 | BO61: 1 | BP61: 1 | BQ61: 1 | BR61: 1 | BS61: 1 | BT61: 1 | BU61: 1 | BV61: 1 | BW61: 1 | BX61: 1 | BY61: 1 | BZ61: 1 | CA61: 1 | CB61: 1 | CC61: 1 | CD61: 1 | CE61: 1 | CF61: 1 | CG61: 1 | CH61: 1 | CI61: 1 | CJ61: 1 | CK61: 1 | CL61: 1 | CM61: 1 | CN61: 1 | CO61: 1 | CP61: 1 | CQ61: 1 | CR61: 1 | CS61: 1 | CT61: 1 | CU61: 1 | CV61: 1 | CW61: 1 | CX61: 1 | CY61: 1 | CZ61: 1 | DA61: 1 | DB61: 1 | DC61: 1 | DD61: 1 | DE61: 1 | DF61: 1 | DG61: 1 | DH61: 1 | DI61: 1 | DJ61: 1 | DK61: 1 | DL61: 1 | DM61: 1 | DN61: 1 | DO61: 1 | DP61: 1 | DQ61: 1 | DR61: 1 | DS61: 1 | DT61: 1 | DU61: 1 | DV61: 1 | DW61: 1 | DX61: 1 | DY61: 1 | DZ61: 1 | EA61: 1 | EB61: 1 | EC61: 1 | ED61: 1 | EE61: 1 | EF61: 1 | EG61: 1 | EH61: 1 | EI61: 1 | EJ61: 1 | EK61: 1 | EL61: 1
E62: Servicio de Revisión de Trasmisores de Presión | F62: 30 | G62: 45583 | H62: 45624 | I62: =+F62 -> 30 | J62: 0.06 | L62: 0 | M62: 0 | N62: 0 | O62: 0 | P62: 0 | Q62: 0 | R62: 0 | S62: 0 | T62: 0 | U62: 0 | V62: 0 | W62: 0 | X62: 0 | Y62: 0 | Z62: 0 | AA62: 0 | AB62: 0 | AC62: 0 | AD62: 0 | AE62: 0 | AF62: 0 | AG62: 0 | AH62: 0.023167421 | AI62: 0.12452489 | AJ62: 0.21285068 | AK62: 0.28524887 | AL62: 0.28524887 | AM62: 0.28524887 | AN62: 0.36343891 | AO62: 0.48970588 | AP62: 0.53610588 | AQ62: 0.58250588 | AR62: 0.62890588 | AS62: 0.67530588 | AT62: 0.72170588 | AU62: 0.76810588 | AV62: 0.81450588 | AW62: 0.86090588 | AX62: 0.90730588 | AY62: 0.95370588 | AZ62: 1.0001059 | BA62: 1 | BB62: 1 | BC62: 1 | BD62: 1 | BE62: 1 | BF62: 1 | BG62: 1 | BH62: 1 | BI62: 1 | BJ62: 1 | BK62: 1 | BL62: 1 | BM62: 1 | BN62: 1 | BO62: 1 | BP62: 1 | BQ62: 1 | BR62: 1 | BS62: 1 | BT62: 1 | BU62: 1 | BV62: 1 | BW62: 1 | BX62: 1 | BY62: 1 | BZ62: 1 | CA62: 1 | CB62: 1 | CC62: 1 | CD62: 1 | CE62: 1 | CF62: 1 | CG62: 1 | CH62: 1 | CI62: 1 | CJ62: 1 | CK62: 1 | CL62: 1 | CM62: 1 | CN62: 1 | CO62: 1 | CP62: 1 | CQ62: 1 | CR62: 1 | CS62: 1 | CT62: 1 | CU62: 1 | CV62: 1 | CW62: 1 | CX62: 1 | CY62: 1 | CZ62: 1 | DA62: 1 | DB62: 1 | DC62: 1 | DD62: 1 | DE62: 1 | DF62: 1 | DG62: 1 | DH62: 1 | DI62: 1 | DJ62: 1 | DK62: 1 | DL62: 1 | DM62: 1 | DN62: 1 | DO62: 1 | DP62: 1 | DQ62: 1 | DR62: 1 | DS62: 1 | DT62: 1 | DU62: 1 | DV62: 1 | DW62: 1 | DX62: 1 | DY62: 1 | DZ62: 1 | EA62: 1 | EB62: 1 | EC62: 1 | ED62: 1 | EE62: 1 | EF62: 1 | EG62: 1 | EH62: 1 | EI62: 1 | EJ62: 1 | EK62: 1 | EL62: 1
E63: Servicio de Mantenimiento de Válvulas de Control | F63: 30 | G63: 45625 | H63: 45694 | I63: =+F63 -> 30 | J63: 0.06 | L63: 0 | M63: 0 | N63: 0 | O63: 0 | P63: 0 | Q63: 0 | R63: 0 | S63: 0 | T63: 0 | U63: 0 | V63: 0 | W63: 0 | X63: 0 | Y63: 0 | Z63: 0 | AA63: 0 | AB63: 0 | AC63: 0 | AD63: 0 | AE63: 0 | AF63: 0 | AG63: 0 | AH63: 0 | AI63: 0 | AJ63: 0 | AK63: 0 | AL63: 0 | AM63: 0 | AN63: 0 | AO63: 0 | AP63: 0 | AQ63: 0 | AR63: 0 | AS63: 0 | AT63: 0 | AU63: 0 | AV63: 0 | AW63: 0 | AX63: 0 | AY63: 0 | AZ63: 0.1429 | BA63: 0.2858 | BB63: 0.4287 | BC63: 0.5716 | BD63: 0.7145 | BE63: 0.8574 | BF63: 1.0003 | BG63: 1 | BH63: 1 | BI63: 1 | BJ63: 1 | BK63: 1 | BL63: 1 | BM63: 1 | BN63: 1 | BO63: 1 | BP63: 1 | BQ63: 1 | BR63: 1 | BS63: 1 | BT63: 1 | BU63: 1 | BV63: 1 | BW63: 1 | BX63: 1 | BY63: 1 | BZ63: 1 | CA63: 1 | CB63: 1 | CC63: 1 | CD63: 1 | CE63: 1 | CF63: 1 | CG63: 1 | CH63: 1 | CI63: 1 | CJ63: 1 | CK63: 1 | CL63: 1 | CM63: 1 | CN63: 1 | CO63: 1 | CP63: 1 | CQ63: 1 | CR63: 1 | CS63: 1 | CT63: 1 | CU63: 1 | CV63: 1 | CW63: 1 | CX63: 1 | CY63: 1 | CZ63: 1 | DA63: 1 | DB63: 1 | DC63: 1 | DD63: 1 | DE63: 1 | DF63: 1 | DG63: 1 | DH63: 1 | DI63: 1 | DJ63: 1 | DK63: 1 | DL63: 1 | DM63: 1 | DN63: 1 | DO63: 1 | DP63: 1 | DQ63: 1 | DR63: 1 | DS63: 1 | DT63: 1 | DU63: 1 | DV63: 1 | DW63: 1 | DX63: 1 | DY63: 1 | DZ63: 1 | EA63: 1 | EB63: 1 | EC63: 1 | ED63: 1 | EE63: 1 | EF63: 1 | EG63: 1 | EH63: 1 | EI63: 1 | EJ63: 1 | EK63: 1 | EL63: 1
E64: Servicio de Revisión de Interruptores de Presión | F64: 60 | G64: 45590 | H64: 45701 | I64: =+F64 -> 60 | J64: 0.12 | L64: 0 | M64: 0 | N64: 0 | O64: 0 | P64: 0 | Q64: 0 | R64: 0 | S64: 0 | T64: 0 | U64: 0 | V64: 0 | W64: 0 | X64: 0 | Y64: 0 | Z64: 0 | AA64: 0.028571429 | AB64: 0.13055556 | AC64: 0.24801587 | AD64: 0.36865079 | AE64: 0.63134921 | AF64: 0.875 | AG64: 0.99285714 | AH64: 0.99285714 | AI64: 0.99307692 | AJ64: 0.99307692 | AK64: 0.99307692 | AL64: 0.99307692 | AM64: 0.99307692 | AN64: 0.99307692 | AO64: 0.99307692 | AP64: 0.99427692 | AQ64: 0.99547692 | AR64: 0.99667692 | AS64: 0.99787692 | AT64: 0.99907692 | AU64: 1.0002769 | AV64: 1 | AW64: 1 | AX64: 1 | AY64: 1 | AZ64: 1 | BA64: 1 | BB64: 1 | BC64: 1 | BD64: 1 | BE64: 1 | BF64: 1 | BG64: 1 | BH64: 1 | BI64: 1 | BJ64: 1 | BK64: 1 | BL64: 1 | BM64: 1 | BN64: 1 | BO64: 1 | BP64: 1 | BQ64: 1 | BR64: 1 | BS64: 1 | BT64: 1 | BU64: 1 | BV64: 1 | BW64: 1 | BX64: 1 | BY64: 1 | BZ64: 1 | CA64: 1 | CB64: 1 | CC64: 1 | CD64: 1 | CE64: 1 | CF64: 1 | CG64: 1 | CH64: 1 | CI64: 1 | CJ64: 1 | CK64: 1 | CL64: 1 | CM64: 1 | CN64: 1 | CO64: 1 | CP64: 1 | CQ64: 1 | CR64: 1 | CS64: 1 | CT64: 1 | CU64: 1 | CV64: 1 | CW64: 1 | CX64: 1 | CY64: 1 | CZ64: 1 | DA64: 1 | DB64: 1 | DC64: 1 | DD64: 1 | DE64: 1 | DF64: 1 | DG64: 1 | DH64: 1 | DI64: 1 | DJ64: 1 | DK64: 1 | DL64: 1 | DM64: 1 | DN64: 1 | DO64: 1 | DP64: 1 | DQ64: 1 | DR64: 1 | DS64: 1 | DT64: 1 | DU64: 1 | DV64: 1 | DW64: 1 | DX64: 1 | DY64: 1 | DZ64: 1 | EA64: 1 | EB64: 1 | EC64: 1 | ED64: 1 | EE64: 1 | EF64: 1 | EG64: 1 | EH64: 1 | EI64: 1 | EJ64: 1 | EK64: 1 | EL64: 1
E65: Servicio de Mantenimiento Actuador de válvulas Solenoides | F65: 20 | G65: 45618 | H65: 45673 | I65: =+F65 -> 20 | J65: 0.04 | L65: 0 | M65: 0 | N65: 0 | O65: 0 | P65: 0 | Q65: 0 | R65: 0 | S65: 0 | T65: 0 | U65: 0 | V65: 0 | W65: 0 | X65: 0 | Y65: 0 | Z65: 0 | AA65: 0 | AB65: 0 | AC65: 0 | AD65: 0.03 | AE65: 0.035 | AF65: 0.04 | AG65: 0.045 | AH65: 0.80777778 | AI65: 1 | AJ65: 1 | AK65: 1 | AL65: 1 | AM65: 1 | AN65: 1 | AO65: 1 | AP65: 1 | AQ65: 1 | AR65: 1 | AS65: 1 | AT65: 1 | AU65: 1 | AV65: 1 | AW65: 1 | AX65: 1 | AY65: 1 | AZ65: 1 | BA65: 1 | BB65: 1 | BC65: 1 | BD65: 1 | BE65: 1 | BF65: 1 | BG65: 1 | BH65: 1 | BI65: 1 | BJ65: 1 | BK65: 1 | BL65: 1 | BM65: 1 | BN65: 1 | BO65: 1 | BP65: 1 | BQ65: 1 | BR65: 1 | BS65: 1 | BT65: 1 | BU65: 1 | BV65: 1 | BW65: 1 | BX65: 1 | BY65: 1 | BZ65: 1 | CA65: 1 | CB65: 1 | CC65: 1 | CD65: 1 | CE65: 1 | CF65: 1 | CG65: 1 | CH65: 1 | CI65: 1 | CJ65: 1 | CK65: 1 | CL65: 1 | CM65: 1 | CN65: 1 | CO65: 1 | CP65: 1 | CQ65: 1 | CR65: 1 | CS65: 1 | CT65: 1 | CU65: 1 | CV65: 1 | CW65: 1 | CX65: 1 | CY65: 1 | CZ65: 1 | DA65: 1 | DB65: 1 | DC65: 1 | DD65: 1 | DE65: 1 | DF65: 1 | DG65: 1 | DH65: 1 | DI65: 1 | DJ65: 1 | DK65: 1 | DL65: 1 | DM65: 1 | DN65: 1 | DO65: 1 | DP65: 1 | DQ65: 1 | DR65: 1 | DS65: 1 | DT65: 1 | DU65: 1 | DV65: 1 | DW65: 1 | DX65: 1 | DY65: 1 | DZ65: 1 | EA65: 1 | EB65: 1 | EC65: 1 | ED65: 1 | EE65: 1 | EF65: 1 | EG65: 1 | EH65: 1 | EI65: 1 | EJ65: 1 | EK65: 1 | EL65: 1
E66: Servicio de Mantenimiento Interruptores de Temperatura | F66: 60 | G66: 45590 | H66: 45701 | I66: =+F66 -> 60 | J66: 0.12 | L66: 0 | M66: 0 | N66: 0 | O66: 0 | P66: 0 | Q66: 0 | R66: 0 | S66: 0 | T66: 0 | U66: 0 | V66: 0 | W66: 0 | X66: 0 | Y66: 0 | Z66: 0 | AA66: 0 | AB66: 0 | AC66: 0 | AD66: 0 | AE66: 0 | AF66: 0 | AG66: 0 | AH66: 0 | AI66: 0 | AJ66: 0 | AK66: 0 | AL66: 0 | AM66: 0 | AN66: 0 | AO66: 0 | AP66: 0 | AQ66: 0 | AR66: 0 | AS66: 0 | AT66: 0 | AU66: 0.0833 | AV66: 0.1666 | AW66: 0.2499 | AX66: 0.3332 | AY66: 0.4165 | AZ66: 0.4998 | BA66: 0.5831 | BB66: 0.6664 | BC66: 0.7497 | BD66: 0.833 | BE66: 0.9163 | BF66: 0.9996 | BG66: 1 | BH66: 1 | BI66: 1 | BJ66: 1 | BK66: 1 | BL66: 1 | BM66: 1 | BN66: 1 | BO66: 1 | BP66: 1 | BQ66: 1 | BR66: 1 | BS66: 1 | BT66: 1 | BU66: 1 | BV66: 1 | BW66: 1 | BX66: 1 | BY66: 1 | BZ66: 1 | CA66: 1 | CB66: 1 | CC66: 1 | CD66: 1 | CE66: 1 | CF66: 1 | CG66: 1 | CH66: 1 | CI66: 1 | CJ66: 1 | CK66: 1 | CL66: 1 | CM66: 1 | CN66: 1 | CO66: 1 | CP66: 1 | CQ66: 1 | CR66: 1 | CS66: 1 | CT66: 1 | CU66: 1 | CV66: 1 | CW66: 1 | CX66: 1 | CY66: 1 | CZ66: 1 | DA66: 1 | DB66: 1 | DC66: 1 | DD66: 1 | DE66: 1 | DF66: 1 | DG66: 1 | DH66: 1 | DI66: 1 | DJ66: 1 | DK66: 1 | DL66: 1 | DM66: 1 | DN66: 1 | DO66: 1 | DP66: 1 | DQ66: 1 | DR66: 1 | DS66: 1 | DT66: 1 | DU66: 1 | DV66: 1 | DW66: 1 | DX66: 1 | DY66: 1 | DZ66: 1 | EA66: 1 | EB66: 1 | EC66: 1 | ED66: 1 | EE66: 1 | EF66: 1 | EG66: 1 | EH66: 1 | EI66: 1 | EJ66: 1 | EK66: 1 | EL66: 1
E67: Servicio de Mantenimiento Interruptores de Nivel | F67: 60 | G67: 45590 | H67: 45701 | I67: =+F67 -> 60 | J67: 0.12 | L67: 0 | M67: 0 | N67: 0 | O67: 0 | P67: 0 | Q67: 0 | R67: 0 | S67: 0 | T67: 0 | U67: 0 | V67: 0 | W67: 0 | X67: 0 | Y67: 0 | Z67: 0 | AA67: 0 | AB67: 0 | AC67: 0 | AD67: 0 | AE67: 0 | AF67: 0 | AG67: 0 | AH67: 0 | AI67: 0 | AJ67: 0 | AK67: 0 | AL67: 0 | AM67: 0 | AN67: 0 | AO67: 0 | AP67: 0 | AQ67: 0 | AR67: 0 | AS67: 0 | AT67: 0 | AU67: 0.0833 | AV67: 0.1666 | AW67: 0.2499 | AX67: 0.3332 | AY67: 0.4165 | AZ67: 0.4998 | BA67: 0.5831 | BB67: 0.6664 | BC67: 0.7497 | BD67: 0.833 | BE67: 0.9163 | BF67: 0.9996 | BG67: 1 | BH67: 1 | BI67: 1 | BJ67: 1 | BK67: 1 | BL67: 1 | BM67: 1 | BN67: 1 | BO67: 1 | BP67: 1 | BQ67: 1 | BR67: 1 | BS67: 1 | BT67: 1 | BU67: 1 | BV67: 1 | BW67: 1 | BX67: 1 | BY67: 1 | BZ67: 1 | CA67: 1 | CB67: 1 | CC67: 1 | CD67: 1 | CE67: 1 | CF67: 1 | CG67: 1 | CH67: 1 | CI67: 1 | CJ67: 1 | CK67: 1 | CL67: 1 | CM67: 1 | CN67: 1 | CO67: 1 | CP67: 1 | CQ67: 1 | CR67: 1 | CS67: 1 | CT67: 1 | CU67: 1 | CV67: 1 | CW67: 1 | CX67: 1 | CY67: 1 | CZ67: 1 | DA67: 1 | DB67: 1 | DC67: 1 | DD67: 1 | DE67: 1 | DF67: 1 | DG67: 1 | DH67: 1 | DI67: 1 | DJ67: 1 | DK67: 1 | DL67: 1 | DM67: 1 | DN67: 1 | DO67: 1 | DP67: 1 | DQ67: 1 | DR67: 1 | DS67: 1 | DT67: 1 | DU67: 1 | DV67: 1 | DW67: 1 | DX67: 1 | DY67: 1 | DZ67: 1 | EA67: 1 | EB67: 1 | EC67: 1 | ED67: 1 | EE67: 1 | EF67: 1 | EG67: 1 | EH67: 1 | EI67: 1 | EJ67: 1 | EK67: 1 | EL67: 1
E68: Servicio de Mantenimiento Compuertas Aire Auxiliar y Combustión | F68: 30 | G68: 45618 | H68: 45687 | I68: =+F68 -> 30 | J68: 0.06 | L68: 0 | M68: 0 | N68: 0 | O68: 0 | P68: 0 | Q68: 0 | R68: 0 | S68: 0 | T68: 0 | U68: 0 | V68: 0 | W68: 0 | X68: 0 | Y68: 0 | Z68: 0 | AA68: 0 | AB68: 0 | AC68: 0 | AD68: 0 | AE68: 0 | AF68: 0.028125 | AG68: 0.225 | AH68: 0.39375 | AI68: 0.45 | AJ68: 0.45 | AK68: 0.45 | AL68: 0.45 | AM68: 0.45 | AN68: 0.45 | AO68: 0.45 | AP68: 0.505 | AQ68: 0.56 | AR68: 0.615 | AS68: 0.67 | AT68: 0.725 | AU68: 0.78 | AV68: 0.835 | AW68: 0.89 | AX68: 0.945 | AY68: 1 | AZ68: 1 | BA68: 1 | BB68: 1 | BC68: 1 | BD68: 1 | BE68: 1 | BF68: 1 | BG68: 1 | BH68: 1 | BI68: 1 | BJ68: 1 | BK68: 1 | BL68: 1 | BM68: 1 | BN68: 1 | BO68: 1 | BP68: 1 | BQ68: 1 | BR68: 1 | BS68: 1 | BT68: 1 | BU68: 1 | BV68: 1 | BW68: 1 | BX68: 1 | BY68: 1 | BZ68: 1 | CA68: 1 | CB68: 1 | CC68: 1 | CD68: 1 | CE68: 1 | CF68: 1 | CG68: 1 | CH68: 1 | CI68: 1 | CJ68: 1 | CK68: 1 | CL68: 1 | CM68: 1 | CN68: 1 | CO68: 1 | CP68: 1 | CQ68: 1 | CR68: 1 | CS68: 1 | CT68: 1 | CU68: 1 | CV68: 1 | CW68: 1 | CX68: 1 | CY68: 1 | CZ68: 1 | DA68: 1 | DB68: 1 | DC68: 1 | DD68: 1 | DE68: 1 | DF68: 1 | DG68: 1 | DH68: 1 | DI68: 1 | DJ68: 1 | DK68: 1 | DL68: 1 | DM68: 1 | DN68: 1 | DO68: 1 | DP68: 1 | DQ68: 1 | DR68: 1 | DS68: 1 | DT68: 1 | DU68: 1 | DV68: 1 | DW68: 1 | DX68: 1 | DY68: 1 | DZ68: 1 | EA68: 1 | EB68: 1 | EC68: 1 | ED68: 1 | EE68: 1 | EF68: 1 | EG68: 1 | EH68: 1 | EI68: 1 | EJ68: 1 | EK68: 1 | EL68: 1
E69: Servicio de Mantenimiento Interruptores de Flujo | F69: 60 | G69: 45590 | H69: 45701 | I69: =+F69 -> 60 | J69: 0.12 | L69: 0 | M69: 0 | N69: 0 | O69: 0 | P69: 0 | Q69: 0 | R69: 0 | S69: 0 | T69: 0 | U69: 0 | V69: 0 | W69: 0 | X69: 0 | Y69: 0 | Z69: 0 | AA69: 0 | AB69: 0 | AC69: 0 | AD69: 0 | AE69: 0 | AF69: 0 | AG69: 0 | AH69: 0 | AI69: 0 | AJ69: 0 | AK69: 0 | AL69: 0 | AM69: 0 | AN69: 0 | AO69: 0 | AP69: 0 | AQ69: 0 | AR69: 0 | AS69: 0 | AT69: 0 | AU69: 0.0833 | AV69: 0.1666 | AW69: 0.2499 | AX69: 0.3332 | AY69: 0.4165 | AZ69: 0.4998 | BA69: 0.5831 | BB69: 0.6664 | BC69: 0.7497 | BD69: 0.833 | BE69: 0.9163 | BF69: 0.9996 | BG69: 1 | BH69: 1 | BI69: 1 | BJ69: 1 | BK69: 1 | BL69: 1 | BM69: 1 | BN69: 1 | BO69: 1 | BP69: 1 | BQ69: 1 | BR69: 1 | BS69: 1 | BT69: 1 | BU69: 1 | BV69: 1 | BW69: 1 | BX69: 1 | BY69: 1 | BZ69: 1 | CA69: 1 | CB69: 1 | CC69: 1 | CD69: 1 | CE69: 1 | CF69: 1 | CG69: 1 | CH69: 1 | CI69: 1 | CJ69: 1 | CK69: 1 | CL69: 1 | CM69: 1 | CN69: 1 | CO69: 1 | CP69: 1 | CQ69: 1 | CR69: 1 | CS69: 1 | CT69: 1 | CU69: 1 | CV69: 1 | CW69: 1 | CX69: 1 | CY69: 1 | CZ69: 1 | DA69: 1 | DB69: 1 | DC69: 1 | DD69: 1 | DE69: 1 | DF69: 1 | DG69: 1 | DH69: 1 | DI69: 1 | DJ69: 1 | DK69: 1 | DL69: 1 | DM69: 1 | DN69: 1 | DO69: 1 | DP69: 1 | DQ69: 1 | DR69: 1 | DS69: 1 | DT69: 1 | DU69: 1 | DV69: 1 | DW69: 1 | DX69: 1 | DY69: 1 | DZ69: 1 | EA69: 1 | EB69: 1 | EC69: 1 | ED69: 1 | EE69: 1 | EF69: 1 | EG69: 1 | EH69: 1 | EI69: 1 | EJ69: 1 | EK69: 1 | EL69: 1
E70: Servicio de Revisión de Termocupla | F70: 60 | G70: 45590 | H70: 45701 | I70: =+F70 -> 60 | J70: 0.12 | L70: 0 | M70: 0 | N70: 0 | O70: 0 | P70: 0 | Q70: 0 | R70: 0 | S70: 0 | T70: 0 | U70: 0 | V70: 0 | W70: 0 | X70: 0 | Y70: 0 | Z70: 0 | AA70: 0 | AB70: 0 | AC70: 0 | AD70: 0 | AE70: 0 | AF70: 0 | AG70: 0 | AH70: 0 | AI70: 0 | AJ70: 0 | AK70: 0 | AL70: 0 | AM70: 0 | AN70: 0 | AO70: 0 | AP70: 0 | AQ70: 0 | AR70: 0 | AS70: 0 | AT70: 0 | AU70: 0.0833 | AV70: 0.1666 | AW70: 0.2499 | AX70: 0.3332 | AY70: 0.4165 | AZ70: 0.4998 | BA70: 0.5831 | BB70: 0.6664 | BC70: 0.7497 | BD70: 0.833 | BE70: 0.9163 | BF70: 0.9996 | BG70: 1 | BH70: 1 | BI70: 1 | BJ70: 1 | BK70: 1 | BL70: 1 | BM70: 1 | BN70: 1 | BO70: 1 | BP70: 1 | BQ70: 1 | BR70: 1 | BS70: 1 | BT70: 1 | BU70: 1 | BV70: 1 | BW70: 1 | BX70: 1 | BY70: 1 | BZ70: 1 | CA70: 1 | CB70: 1 | CC70: 1 | CD70: 1 | CE70: 1 | CF70: 1 | CG70: 1 | CH70: 1 | CI70: 1 | CJ70: 1 | CK70: 1 | CL70: 1 | CM70: 1 | CN70: 1 | CO70: 1 | CP70: 1 | CQ70: 1 | CR70: 1 | CS70: 1 | CT70: 1 | CU70: 1 | CV70: 1 | CW70: 1 | CX70: 1 | CY70: 1 | CZ70: 1 | DA70: 1 | DB70: 1 | DC70: 1 | DD70: 1 | DE70: 1 | DF70: 1 | DG70: 1 | DH70: 1 | DI70: 1 | DJ70: 1 | DK70: 1 | DL70: 1 | DM70: 1 | DN70: 1 | DO70: 1 | DP70: 1 | DQ70: 1 | DR70: 1 | DS70: 1 | DT70: 1 | DU70: 1 | DV70: 1 | DW70: 1 | DX70: 1 | DY70: 1 | DZ70: 1 | EA70: 1 | EB70: 1 | EC70: 1 | ED70: 1 | EE70: 1 | EF70: 1 | EG70: 1 | EH70: 1 | EI70: 1 | EJ70: 1 | EK70: 1 | EL70: 1
E71: Servicio de Revisión de Convertidores de Corriente a Presión I/P | F71: 10 | G71: 45674 | H71: 45687 | I71: =+F71 -> 10 | J71: 0.02 | L71: 0 | M71: 0 | N71: 0 | O71: 0 | P71: 0 | Q71: 0 | R71: 0 | S71: 0 | T71: 0 | U71: 0 | V71: 0 | W71: 0 | X71: 0 | Y71: 0 | Z71: 0 | AA71: 0 | AB71: 0 | AC71: 0 | AD71: 0 | AE71: 0 | AF71: 0 | AG71: 0 | AH71: 0 | AI71: 0 | AJ71: 0 | AK71: 0 | AL71: 0 | AM71: 0 | AN71: 0 | AO71: 0 | AP71: 0 | AQ71: 0 | AR71: 0 | AS71: 0 | AT71: 0 | AU71: 0 | AV71: 0 | AW71: 0 | AX71: 0 | AY71: 0 | AZ71: 0 | BA71: 0 | BB71: 0 | BC71: 0 | BD71: 0 | BE71: 0 | BF71: 0 | BG71: 0.3333 | BH71: 0.6666 | BI71: 1 | BJ71: 1 | BK71: 1 | BL71: 1 | BM71: 1 | BN71: 1 | BO71: 1 | BP71: 1 | BQ71: 1 | BR71: 1 | BS71: 1 | BT71: 1 | BU71: 1 | BV71: 1 | BW71: 1 | BX71: 1 | BY71: 1 | BZ71: 1 | CA71: 1 | CB71: 1 | CC71: 1 | CD71: 1 | CE71: 1 | CF71: 1 | CG71: 1 | CH71: 1 | CI71: 1 | CJ71: 1 | CK71: 1 | CL71: 1 | CM71: 1 | CN71: 1 | CO71: 1 | CP71: 1 | CQ71: 1 | CR71: 1 | CS71: 1 | CT71: 1 | CU71: 1 | CV71: 1 | CW71: 1 | CX71: 1 | CY71: 1 | CZ71: 1 | DA71: 1 | DB71: 1 | DC71: 1 | DD71: 1 | DE71: 1 | DF71: 1 | DG71: 1 | DH71: 1 | DI71: 1 | DJ71: 1 | DK71: 1 | DL71: 1 | DM71: 1 | DN71: 1 | DO71: 1 | DP71: 1 | DQ71: 1 | DR71: 1 | DS71: 1 | DT71: 1 | DU71: 1 | DV71: 1 | DW71: 1 | DX71: 1 | DY71: 1 | DZ71: 1 | EA71: 1 | EB71: 1 | EC71: 1 | ED71: 1 | EE71: 1 | EF71: 1 | EG71: 1 | EH71: 1 | EI71: 1 | EJ71: 1 | EK71: 1 | EL71: 1
D72: 1.10 Mantenimiento compresores de aire | F72: 40 | G72: 45534 | H72: 45589 | I72: =+I73 -> 40 | J72: 0.040203871 | L72: =+L73*$J$73 -> 0 | M72: =+M73*$J$73 -> 0 | N72: =+N73*$J$73 -> 0 | O72: =+O73*$J$73 -> 0 | P72: =+P73*$J$73 -> 0 | Q72: =+Q73*$J$73 -> 0 | R72: =+R73*$J$73 -> 0 | S72: =+S73*$J$73 -> 0 | ... EL72: =+EL73*$J$73 -> 1
E73: Mantenimiento de los compresores de aire | F73: 40 | G73: 45534 | H73: 45589 | I73: =+F73 -> 40 | J73: 1 | L73: 0 | M73: 0 | N73: 0 | O73: 0 | P73: 0 | Q73: 0 | R73: 0 | S73: 0 | T73: 0 | U73: 0 | V73: 0 | W73: 0 | X73: 0.12 | Y73: 0.25 | Z73: 0.25 | AA73: 0.25 | AB73: 0.25 | AC73: 0.25 | AD73: 0.316875 | AE73: 0.5121875 | AF73: 0.574375 | AG73: 0.58 | AH73: 0.58 | AI73: 0.58 | AJ73: 0.62 | AK73: 0.62 | AL73: 0.62 | AM73: 0.62 | AN73: 0.6575 | AO73: 0.761875 | AP73: 0.783475 | AQ73: 0.805075 | AR73: 0.826675 | AS73: 0.848275 | AT73: 0.869875 | AU73: 0.891475 | AV73: 0.913075 | AW73: 0.934675 | AX73: 0.956275 | AY73: 0.977875 | AZ73: 1 | BA73: 1 | BB73: 1 | BC73: 1 | BD73: 1 | BE73: 1 | BF73: 1 | BG73: 1 | BH73: 1 | BI73: 1 | BJ73: 1 | BK73: 1 | BL73: 1 | BM73: 1 | BN73: 1 | BO73: 1 | BP73: 1 | BQ73: 1 | BR73: 1 | BS73: 1 | BT73: 1 | BU73: 1 | BV73: 1 | BW73: 1 | BX73: 1 | BY73: 1 | BZ73: 1 | CA73: 1 | CB73: 1 | CC73: 1 | CD73: 1 | CE73: 1 | CF73: 1 | CG73: 1 | CH73: 1 | CI73: 1 | CJ73: 1 | CK73: 1 | CL73: 1 | CM73: 1 | CN73: 1 | CO73: 1 | CP73: 1 | CQ73: 1 | CR73: 1 | CS73: 1 | CT73: 1 | CU73: 1 | CV73: 1 | CW73: 1 | CX73: 1 | CY73: 1 | CZ73: 1 | DA73: 1 | DB73: 1 | DC73: 1 | DD73: 1 | DE73: 1 | DF73: 1 | DG73: 1 | DH73: 1 | DI73: 1 | DJ73: 1 | DK73: 1 | DL73: 1 | DM73: 1 | DN73: 1 | DO73: 1 | DP73: 1 | DQ73: 1 | DR73: 1 | DS73: 1 | DT73: 1 | DU73: 1 | DV73: 1 | DW73: 1 | DX73: 1 | DY73: 1 | DZ73: 1 | EA73: 1 | EB73: 1 | EC73: 1 | ED73: 1 | EE73: 1 | EF73: 1 | EG73: 1 | EH73: 1 | EI73: 1 | EJ73: 1 | EK73: 1 | EL73: 1
D74: 0.0 Pruebas y puesta en marcha | F74: 60 | G74: 45741 | H74: 45828 | I74: =+SUM(I75:I77) -> 60 | J74: 0.02 | L74: =+SUMPRODUCT($J$75:$J$77,L75:L77) -> 0 | M74: =+SUMPRODUCT($J$75:$J$77,M75:M77) -> 0 | N74: =+SUMPRODUCT($J$75:$J$77,N75:N77) -> 0 | O74: =+SUMPRODUCT($J$75:$J$77,O75:O77) -> 0 | P74: =+SUMPRODUCT($J$75:$J$77,P75:P77) -> 0 | Q74: =+SUMPRODUCT($J$75:$J$77,Q75:Q77) -> 0 | R74: =+SUMPRODUCT($J$75:$J$77,R75:R77) -> 0 | S74: =+SUMPRODUCT($J$75:$J$77,S75:S77) -> 0 | ... EL74: =+SUMPRODUCT($J$75:$J$77,EL75:EL77) -> 1
E75: Commissioning | F75: 45 | G75: 45741 | H75: 45807 | I75: =+F75 -> 45 | J75: 0.75 | L75: 0 | M75: 0 | N75: 0 | O75: 0 | P75: 0 | Q75: 0 | R75: 0 | S75: 0 | T75: 0 | U75: 0 | V75: 0 | W75: 0 | X75: 0 | Y75: 0 | Z75: 0 | AA75: 0 | AB75: 0 | AC75: 0 | AD75: 0 | AE75: 0 | AF75: 0 | AG75: 0 | AH75: 0 | AI75: 0 | AJ75: 0 | AK75: 0 | AL75: 0 | AM75: 0 | AN75: 0 | AO75: 0 | AP75: 0 | AQ75: 0 | AR75: 0 | AS75: 0 | AT75: 0 | AU75: 0 | AV75: 0 | AW75: 0 | AX75: 0 | AY75: 0 | AZ75: 0 | BA75: 0 | BB75: 0 | BC75: 0 | BD75: 0 | BE75: 0 | BF75: 0 | BG75: 0 | BH75: 0 | BI75: 0 | BJ75: 0 | BK75: 0 | BL75: 0.1111 | BM75: 0.2222 | BN75: 0.3333 | BO75: 0.4444 | BP75: 1 | BQ75: 1 | BR75: 1 | BS75: 1 | BT75: 1 | BU75: 1 | BV75: 1 | BW75: 1 | BX75: 1 | BY75: 1 | BZ75: 1 | CA75: 1 | CB75: 1 | CC75: 1 | CD75: 1 | CE75: 1 | CF75: 1 | CG75: 1 | CH75: 1 | CI75: 1 | CJ75: 1 | CK75: 1 | CL75: 1 | CM75: 1 | CN75: 1 | CO75: 1 | CP75: 1 | CQ75: 1 | CR75: 1 | CS75: 1 | CT75: 1 | CU75: 1 | CV75: 1 | CW75: 1 | CX75: 1 | CY75: 1 | CZ75: 1 | DA75: 1 | DB75: 1 | DC75: 1 | DD75: 1 | DE75: 1 | DF75: 1 | DG75: 1 | DH75: 1 | DI75: 1 | DJ75: 1 | DK75: 1 | DL75: 1 | DM75: 1 | DN75: 1 | DO75: 1 | DP75: 1 | DQ75: 1 | DR75: 1 | DS75: 1 | DT75: 1 | DU75: 1 | DV75: 1 | DW75: 1 | DX75: 1 | DY75: 1 | DZ75: 1 | EA75: 1 | EB75: 1 | EC75: 1 | ED75: 1 | EE75: 1 | EF75: 1 | EG75: 1 | EH75: 1 | EI75: 1 | EJ75: 1 | EK75: 1 | EL75: 1
E76: Arranque | F76: 15 | G76: 45810 | H76: 45828 | I76: =+F76 -> 15 | J76: 0.25 | L76: 0 | M76: 0 | N76: 0 | O76: 0 | P76: 0 | Q76: 0 | R76: 0 | S76: 0 | T76: 0 | U76: 0 | V76: 0 | W76: 0 | X76: 0 | Y76: 0 | Z76: 0 | AA76: 0 | AB76: 0 | AC76: 0 | AD76: 0 | AE76: 0 | AF76: 0 | AG76: 0 | AH76: 0 | AI76: 0 | AJ76: 0 | AK76: 0 | AL76: 0 | AM76: 0 | AN76: 0 | AO76: 0 | AP76: 0 | AQ76: 0 | AR76: 0 | AS76: 0 | AT76: 0 | AU76: 0 | AV76: 0 | AW76: 0 | AX76: 0 | AY76: 0 | AZ76: 0 | BA76: 0 | BB76: 0 | BC76: 0 | BD76: 0 | BE76: 0 | BF76: 0 | BG76: 0 | BH76: 0 | BI76: 0 | BJ76: 0 | BK76: 0 | BL76: 0 | BM76: 0 | BN76: 0 | BO76: 0 | BP76: 0.25 | BQ76: 0.5 | BR76: 0.75 | BS76: 1 | BT76: 1 | BU76: 1 | BV76: 1 | BW76: 1 | BX76: 1 | BY76: 1 | BZ76: 1 | CA76: 1 | CB76: 1 | CC76: 1 | CD76: 1 | CE76: 1 | CF76: 1 | CG76: 1 | CH76: 1 | CI76: 1 | CJ76: 1 | CK76: 1 | CL76: 1 | CM76: 1 | CN76: 1 | CO76: 1 | CP76: 1 | CQ76: 1 | CR76: 1 | CS76: 1 | CT76: 1 | CU76: 1 | CV76: 1 | CW76: 1 | CX76: 1 | CY76: 1 | CZ76: 1 | DA76: 1 | DB76: 1 | DC76: 1 | DD76: 1 | DE76: 1 | DF76: 1 | DG76: 1 | DH76: 1 | DI76: 1 | DJ76: 1 | DK76: 1 | DL76: 1 | DM76: 1 | DN76: 1 | DO76: 1 | DP76: 1 | DQ76: 1 | DR76: 1 | DS76: 1 | DT76: 1 | DU76: 1 | DV76: 1 | DW76: 1 | DX76: 1 | DY76: 1 | DZ76: 1 | EA76: 1 | EB76: 1 | EC76: 1 | ED76: 1 | EE76: 1 | EF76: 1 | EG76: 1 | EH76: 1 | EI76: 1 | EJ76: 1 | EK76: 1 | EL76: 1
E77: Entrega al cliente | F77: 0 | G77: 45828 | H77: 45828 | I77: =+F77 -> 0 | J77: 1e-119 | L77: 0 | M77: 0 | N77: 0 | O77: 0 | P77: 0 | Q77: 0 | R77: 0 | S77: 0 | T77: 0 | U77: 0 | V77: 0 | W77: 0 | X77: 0 | Y77: 0 | Z77: 0 | AA77: 0 | AB77: 0 | AC77: 0 | AD77: 0 | AE77: 0 | AF77: 0 | AG77: 0 | AH77: 0 | AI77: 0 | AJ77: 0 | AK77: 0 | AL77: 0 | AM77: 0 | AN77: 0 | AO77: 0 | AP77: 0 | AQ77: 0 | AR77: 0 | AS77: 0 | AT77: 0 | AU77: 0 | AV77: 0 | AW77: 0 | AX77: 0 | AY77: 0 | AZ77: 0 | BA77: 0 | BB77: 0 | BC77: 0 | BD77: 0 | BE77: 0 | BF77: 0 | BG77: 0 | BH77: 0 | BI77: 0 | BJ77: 0 | BK77: 0 | BL77: 0 | BM77: 0 | BN77: 0 | BO77: 0 | BP77: 0 | BQ77: 0 | BR77: 0 | BS77: 1 | BT77: 1 | BU77: 1 | BV77: 1 | BW77: 1 | BX77: 1 | BY77: 1 | BZ77: 1 | CA77: 1 | CB77: 1 | CC77: 1 | CD77: 1 | CE77: 1 | CF77: 1 | CG77: 1 | CH77: 1 | CI77: 1 | CJ77: 1 | CK77: 1 | CL77: 1 | CM77: 1 | CN77: 1 | CO77: 1 | CP77: 1 | CQ77: 1 | CR77: 1 | CS77: 1 | CT77: 1 | CU77: 1 | CV77: 1 | CW77: 1 | CX77: 1 | CY77: 1 | CZ77: 1 | DA77: 1 | DB77: 1 | DC77: 1 | DD77: 1 | DE77: 1 | DF77: 1 | DG77: 1 | DH77: 1 | DI77: 1 | DJ77: 1 | DK77: 1 | DL77: 1 | DM77: 1 | DN77: 1 | DO77: 1 | DP77: 1 | DQ77: 1 | DR77: 1 | DS77: 1 | DT77: 1 | DU77: 1 | DV77: 1 | DW77: 1 | DX77: 1 | DY77: 1 | DZ77: 1 | EA77: 1 | EB77: 1 | EC77: 1 | ED77: 1 | EE77: 1 | EF77: 1 | EG77: 1 | EH77: 1 | EI77: 1 | EJ77: 1 | EK77: 1 | EL77: 1
C78: Mantenimiento del Turbo Generador y Equipos Auxiliares | F78: 226 | G78: 45482 | H78: 45835 | I78: =+I79+I86+I88+I98+I103+I105+I108+I111+I114+I118+I122+I129+I133+I137 -> 788 | J78: 0.22717451 | L78: =+L79*$J$79+L86*$J$86+L88*$J$88+L98*$J$98+L103*$J$103+L105*$J$105+L108*$J$108+L111*$J$111+L114*$J$114+L118*$J$118+L122*$J$122+L129*$J$129+L133*$J$133+L137*$J$137 -> 0.00038654704 | M78: =+M79*$J$79+M86*$J$86+M88*$J$88+M98*$J$98+M103*$J$103+M105*$J$105+M108*$J$108+M111*$J$111+M114*$J$114+M118*$J$118+M122*$J$122+M129*$J$129+M133*$J$133+M137*$J$137 -> 0.0011044201 | N78: =+N79*$J$79+N86*$J$86+N88*$J$88+N98*$J$98+N103*$J$103+N105*$J$105+N108*$J$108+N111*$J$111+N114*$J$114+N118*$J$118+N122*$J$122+N129*$J$129+N133*$J$133+N137*$J$137 -> 0.0022088402 | O78: =+O79*$J$79+O86*$J$86+O88*$J$88+O98*$J$98+O103*$J$103+O105*$J$105+O108*$J$108+O111*$J$111+O114*$J$114+O118*$J$118+O122*$J$122+O129*$J$129+O133*$J$133+O137*$J$137 -> 0.0033132603 | P78: =+P79*$J$79+P86*$J$86+P88*$J$88+P98*$J$98+P103*$J$103+P105*$J$105+P108*$J$108+P111*$J$111+P114*$J$114+P118*$J$118+P122*$J$122+P129*$J$129+P133*$J$133+P137*$J$137 -> 0.0044176805 | Q78: =+Q79*$J$79+Q86*$J$86+Q88*$J$88+Q98*$J$98+Q103*$J$103+Q105*$J$105+Q108*$J$108+Q111*$J$111+Q114*$J$114+Q118*$J$118+Q122*$J$122+Q129*$J$129+Q133*$J$133+Q137*$J$137 -> 0.0055221006 | R78: =+R79*$J$79+R86*$J$86+R88*$J$88+R98*$J$98+R103*$J$103+R105*$J$105+R108*$J$108+R111*$J$111+R114*$J$114+R118*$J$118+R122*$J$122+R129*$J$129+R133*$J$133+R137*$J$137 -> 0.0066265207 | S78: =+S79*$J$79+S86*$J$86+S88*$J$88+S98*$J$98+S103*$J$103+S105*$J$105+S108*$J$108+S111*$J$111+S114*$J$114+S118*$J$118+S122*$J$122+S129*$J$129+S133*$J$133+S137*$J$137 -> 0.0077309408 | ... EL78: =+EL79*$J$79+EL86*$J$86+EL88*$J$88+EL98*$J$98+EL103*$J$103+EL105*$J$105+EL108*$J$108+EL111*$J$111+EL114*$J$114+EL118*$J$118+EL122*$J$122+EL129*$J$129+EL133*$J$133+EL137*$J$137 -> 1
D79: 0.0 Actividades preliminares | F79: 101 | G79: 45506 | H79: 45674 | I79: =+SUM(I80:I85) -> 77 | J79: 0.02 | L79: =+SUMPRODUCT($J$80:$J$85,L80:L85) -> 0 | M79: =+SUMPRODUCT($J$80:$J$85,M80:M85) -> 0 | N79: =+SUMPRODUCT($J$80:$J$85,N80:N85) -> 0 | O79: =+SUMPRODUCT($J$80:$J$85,O80:O85) -> 0 | P79: =+SUMPRODUCT($J$80:$J$85,P80:P85) -> 0 | Q79: =+SUMPRODUCT($J$80:$J$85,Q80:Q85) -> 0 | R79: =+SUMPRODUCT($J$80:$J$85,R80:R85) -> 0 | S79: =+SUMPRODUCT($J$80:$J$85,S80:S85) -> 0 | ... EL79: =+SUMPRODUCT($J$80:$J$85,EL80:EL85) -> 1
E80: Desacoplar Generador Eléctrico- Rotor Baja Presion B. | F80: 7 | G80: 45534 | H80: 45544 | I80: =+F80 -> 7 | J80: 0.090909091 | L80: 0 | M80: 0 | N80: 0 | O80: 0 | P80: 0 | Q80: 0 | R80: 0 | S80: 0 | T80: 0 | U80: 0 | V80: 0 | W80: 0 | X80: 0 | Y80: 0 | Z80: 0.44444444 | AA80: 0.44444444 | AB80: 0.77777778 | AC80: 1 | AD80: 1 | AE80: 1 | AF80: 1 | AG80: 1 | AH80: 1 | AI80: 1 | AJ80: 1 | AK80: 1 | AL80: 1 | AM80: 1 | AN80: 1 | AO80: 1 | AP80: 1 | AQ80: 1 | AR80: 1 | AS80: 1 | AT80: 1 | AU80: 1 | AV80: 1 | AW80: 1 | AX80: 1 | AY80: 1 | AZ80: 1 | BA80: 1 | BB80: 1 | BC80: 1 | BD80: 1 | BE80: 1 | BF80: 1 | BG80: 1 | BH80: 1 | BI80: 1 | BJ80: 1 | BK80: 1 | BL80: 1 | BM80: 1 | BN80: 1 | BO80: 1 | BP80: 1 | BQ80: 1 | BR80: 1 | BS80: 1 | BT80: 1 | BU80: 1 | BV80: 1 | BW80: 1 | BX80: 1 | BY80: 1 | BZ80: 1 | CA80: 1 | CB80: 1 | CC80: 1 | CD80: 1 | CE80: 1 | CF80: 1 | CG80: 1 | CH80: 1 | CI80: 1 | CJ80: 1 | CK80: 1 | CL80: 1 | CM80: 1 | CN80: 1 | CO80: 1 | CP80: 1 | CQ80: 1 | CR80: 1 | CS80: 1 | CT80: 1 | CU80: 1 | CV80: 1 | CW80: 1 | CX80: 1 | CY80: 1 | CZ80: 1 | DA80: 1 | DB80: 1 | DC80: 1 | DD80: 1 | DE80: 1 | DF80: 1 | DG80: 1 | DH80: 1 | DI80: 1 | DJ80: 1 | DK80: 1 | DL80: 1 | DM80: 1 | DN80: 1 | DO80: 1 | DP80: 1 | DQ80: 1 | DR80: 1 | DS80: 1 | DT80: 1 | DU80: 1 | DV80: 1 | DW80: 1 | DX80: 1 | DY80: 1 | DZ80: 1 | EA80: 1 | EB80: 1 | EC80: 1 | ED80: 1 | EE80: 1 | EF80: 1 | EG80: 1 | EH80: 1 | EI80: 1 | EJ80: 1 | EK80: 1 | EL80: 1
E81: Desmontaje Rotor Turbina TBP B. | F81: 5 | G81: 45545 | H81: 45551 | I81: =+F81 -> 5 | J81: 0.064935065 | L81: 0 | M81: 0 | N81: 0 | O81: 0 | P81: 0 | Q81: 0 | R81: 0 | S81: 0 | T81: 0 | U81: 0 | V81: 0 | W81: 0 | X81: 0 | Y81: 0 | Z81: 0 | AA81: 0 | AB81: 0 | AC81: 0 | AD81: 0 | AE81: 0 | AF81: 0 | AG81: 0 | AH81: 0 | AI81: 0 | AJ81: 1 | AK81: 1 | AL81: 1 | AM81: 1 | AN81: 1 | AO81: 1 | AP81: 1 | AQ81: 1 | AR81: 1 | AS81: 1 | AT81: 1 | AU81: 1 | AV81: 1 | AW81: 1 | AX81: 1 | AY81: 1 | AZ81: 1 | BA81: 1 | BB81: 1 | BC81: 1 | BD81: 1 | BE81: 1 | BF81: 1 | BG81: 1 | BH81: 1 | BI81: 1 | BJ81: 1 | BK81: 1 | BL81: 1 | BM81: 1 | BN81: 1 | BO81: 1 | BP81: 1 | BQ81: 1 | BR81: 1 | BS81: 1 | BT81: 1 | BU81: 1 | BV81: 1 | BW81: 1 | BX81: 1 | BY81: 1 | BZ81: 1 | CA81: 1 | CB81: 1 | CC81: 1 | CD81: 1 | CE81: 1 | CF81: 1 | CG81: 1 | CH81: 1 | CI81: 1 | CJ81: 1 | CK81: 1 | CL81: 1 | CM81: 1 | CN81: 1 | CO81: 1 | CP81: 1 | CQ81: 1 | CR81: 1 | CS81: 1 | CT81: 1 | CU81: 1 | CV81: 1 | CW81: 1 | CX81: 1 | CY81: 1 | CZ81: 1 | DA81: 1 | DB81: 1 | DC81: 1 | DD81: 1 | DE81: 1 | DF81: 1 | DG81: 1 | DH81: 1 | DI81: 1 | DJ81: 1 | DK81: 1 | DL81: 1 | DM81: 1 | DN81: 1 | DO81: 1 | DP81: 1 | DQ81: 1 | DR81: 1 | DS81: 1 | DT81: 1 | DU81: 1 | DV81: 1 | DW81: 1 | DX81: 1 | DY81: 1 | DZ81: 1 | EA81: 1 | EB81: 1 | EC81: 1 | ED81: 1 | EE81: 1 | EF81: 1 | EG81: 1 | EH81: 1 | EI81: 1 | EJ81: 1 | EK81: 1 | EL81: 1
E82: Desmontaje de Rotor Generador. | F82: 5 | G82: 45670 | H82: 45674 | I82: =+F82 -> 5 | J82: 0.064935065 | L82: 0 | M82: 0 | N82: 0 | O82: 0 | P82: 0 | Q82: 0 | R82: 0 | S82: 0 | T82: 0 | U82: 0 | V82: 0 | W82: 0 | X82: 0 | Y82: 0 | Z82: 0 | AA82: 0 | AB82: 0 | AC82: 0 | AD82: 0 | AE82: 0 | AF82: 0 | AG82: 0 | AH82: 0 | AI82: 0 | AJ82: 0 | AK82: 0 | AL82: 0 | AM82: 0 | AN82: 0 | AO82: 0 | AP82: 0 | AQ82: 0 | AR82: 0 | AS82: 0 | AT82: 0 | AU82: 0 | AV82: 0 | AW82: 0 | AX82: 0 | AY82: 0 | AZ82: 0 | BA82: 1 | BB82: 1 | BC82: 1 | BD82: 1 | BE82: 1 | BF82: 1 | BG82: 1 | BH82: 1 | BI82: 1 | BJ82: 1 | BK82: 1 | BL82: 1 | BM82: 1 | BN82: 1 | BO82: 1 | BP82: 1 | BQ82: 1 | BR82: 1 | BS82: 1 | BT82: 1 | BU82: 1 | BV82: 1 | BW82: 1 | BX82: 1 | BY82: 1 | BZ82: 1 | CA82: 1 | CB82: 1 | CC82: 1 | CD82: 1 | CE82: 1 | CF82: 1 | CG82: 1 | CH82: 1 | CI82: 1 | CJ82: 1 | CK82: 1 | CL82: 1 | CM82: 1 | CN82: 1 | CO82: 1 | CP82: 1 | CQ82: 1 | CR82: 1 | CS82: 1 | CT82: 1 | CU82: 1 | CV82: 1 | CW82: 1 | CX82: 1 | CY82: 1 | CZ82: 1 | DA82: 1 | DB82: 1 | DC82: 1 | DD82: 1 | DE82: 1 | DF82: 1 | DG82: 1 | DH82: 1 | DI82: 1 | DJ82: 1 | DK82: 1 | DL82: 1 | DM82: 1 | DN82: 1 | DO82: 1 | DP82: 1 | DQ82: 1 | DR82: 1 | DS82: 1 | DT82: 1 | DU82: 1 | DV82: 1 | DW82: 1 | DX82: 1 | DY82: 1 | DZ82: 1 | EA82: 1 | EB82: 1 | EC82: 1 | ED82: 1 | EE82: 1 | EF82: 1 | EG82: 1 | EH82: 1 | EI82: 1 | EJ82: 1 | EK82: 1 | EL82: 1
E83: Mantenimiento y puesta en marcha de 1er puente grúa (Turbina) | F83: 20 | G83: 45506 | H83: 45533 | I83: =+F83 -> 20 | J83: 0.25974026 | L83: 0 | M83: 0 | N83: 0 | O83: 0 | P83: 0 | Q83: 0 | R83: 0 | S83: 0 | T83: 0 | U83: 0 | V83: 0.0568 | W83: 0.08675 | X83: 0.231 | Y83: 0.2375 | Z83: 1 | AA83: 1 | AB83: 1 | AC83: 1 | AD83: 1 | AE83: 1 | AF83: 1 | AG83: 1 | AH83: 1 | AI83: 1 | AJ83: 1 | AK83: 1 | AL83: 1 | AM83: 1 | AN83: 1 | AO83: 1 | AP83: 1 | AQ83: 1 | AR83: 1 | AS83: 1 | AT83: 1 | AU83: 1 | AV83: 1 | AW83: 1 | AX83: 1 | AY83: 1 | AZ83: 1 | BA83: 1 | BB83: 1 | BC83: 1 | BD83: 1 | BE83: 1 | BF83: 1 | BG83: 1 | BH83: 1 | BI83: 1 | BJ83: 1 | BK83: 1 | BL83: 1 | BM83: 1 | BN83: 1 | BO83: 1 | BP83: 1 | BQ83: 1 | BR83: 1 | BS83: 1 | BT83: 1 | BU83: 1 | BV83: 1 | BW83: 1 | BX83: 1 | BY83: 1 | BZ83: 1 | CA83: 1 | CB83: 1 | CC83: 1 | CD83: 1 | CE83: 1 | CF83: 1 | CG83: 1 | CH83: 1 | CI83: 1 | CJ83: 1 | CK83: 1 | CL83: 1 | CM83: 1 | CN83: 1 | CO83: 1 | CP83: 1 | CQ83: 1 | CR83: 1 | CS83: 1 | CT83: 1 | CU83: 1 | CV83: 1 | CW83: 1 | CX83: 1 | CY83: 1 | CZ83: 1 | DA83: 1 | DB83: 1 | DC83: 1 | DD83: 1 | DE83: 1 | DF83: 1 | DG83: 1 | DH83: 1 | DI83: 1 | DJ83: 1 | DK83: 1 | DL83: 1 | DM83: 1 | DN83: 1 | DO83: 1 | DP83: 1 | DQ83: 1 | DR83: 1 | DS83: 1 | DT83: 1 | DU83: 1 | DV83: 1 | DW83: 1 | DX83: 1 | DY83: 1 | DZ83: 1 | EA83: 1 | EB83: 1 | EC83: 1 | ED83: 1 | EE83: 1 | EF83: 1 | EG83: 1 | EH83: 1 | EI83: 1 | EJ83: 1 | EK83: 1 | EL83: 1
E84: Mantenimiento y puesta en marcha de 2do puente grúa (Generador) | F84: 20 | G84: 45614 | H84: 45639 | I84: =+F84 -> 20 | J84: 0.25974026 | L84: 0 | M84: 0 | N84: 0 | O84: 0 | P84: 0 | Q84: 0 | R84: 0 | S84: 0 | T84: 0 | U84: 0 | V84: 0 | W84: 0 | X84: 0 | Y84: 0 | Z84: 0 | AA84: 0 | AB84: 0 | AC84: 0 | AD84: 1 | AE84: 1 | AF84: 1 | AG84: 1 | AH84: 1 | AI84: 1 | AJ84: 1 | AK84: 1 | AL84: 1 | AM84: 1 | AN84: 1 | AO84: 1 | AP84: 1 | AQ84: 1 | AR84: 1 | AS84: 1 | AT84: 1 | AU84: 1 | AV84: 1 | AW84: 1 | AX84: 1 | AY84: 1 | AZ84: 1 | BA84: 1 | BB84: 1 | BC84: 1 | BD84: 1 | BE84: 1 | BF84: 1 | BG84: 1 | BH84: 1 | BI84: 1 | BJ84: 1 | BK84: 1 | BL84: 1 | BM84: 1 | BN84: 1 | BO84: 1 | BP84: 1 | BQ84: 1 | BR84: 1 | BS84: 1 | BT84: 1 | BU84: 1 | BV84: 1 | BW84: 1 | BX84: 1 | BY84: 1 | BZ84: 1 | CA84: 1 | CB84: 1 | CC84: 1 | CD84: 1 | CE84: 1 | CF84: 1 | CG84: 1 | CH84: 1 | CI84: 1 | CJ84: 1 | CK84: 1 | CL84: 1 | CM84: 1 | CN84: 1 | CO84: 1 | CP84: 1 | CQ84: 1 | CR84: 1 | CS84: 1 | CT84: 1 | CU84: 1 | CV84: 1 | CW84: 1 | CX84: 1 | CY84: 1 | CZ84: 1 | DA84: 1 | DB84: 1 | DC84: 1 | DD84: 1 | DE84: 1 | DF84: 1 | DG84: 1 | DH84: 1 | DI84: 1 | DJ84: 1 | DK84: 1 | DL84: 1 | DM84: 1 | DN84: 1 | DO84: 1 | DP84: 1 | DQ84: 1 | DR84: 1 | DS84: 1 | DT84: 1 | DU84: 1 | DV84: 1 | DW84: 1 | DX84: 1 | DY84: 1 | DZ84: 1 | EA84: 1 | EB84: 1 | EC84: 1 | ED84: 1 | EE84: 1 | EF84: 1 | EG84: 1 | EH84: 1 | EI84: 1 | EJ84: 1 | EK84: 1 | EL84: 1
E85: Desisnstalación de sistemas de E&I | F85: 20 | G85: 45552 | H85: 45579 | I85: =+F85 -> 20 | J85: 0.25974026 | L85: 0 | M85: 0 | N85: 0 | O85: 0 | P85: 0 | Q85: 0 | R85: 0 | S85: 0 | T85: 0 | U85: 0 | V85: 0 | W85: 0 | X85: 0 | Y85: 0.04 | Z85: 1 | AA85: 1 | AB85: 1 | AC85: 1 | AD85: 1 | AE85: 1 | AF85: 1 | AG85: 1 | AH85: 1 | AI85: 1 | AJ85: 1 | AK85: 1 | AL85: 1 | AM85: 1 | AN85: 1 | AO85: 1 | AP85: 1 | AQ85: 1 | AR85: 1 | AS85: 1 | AT85: 1 | AU85: 1 | AV85: 1 | AW85: 1 | AX85: 1 | AY85: 1 | AZ85: 1 | BA85: 1 | BB85: 1 | BC85: 1 | BD85: 1 | BE85: 1 | BF85: 1 | BG85: 1 | BH85: 1 | BI85: 1 | BJ85: 1 | BK85: 1 | BL85: 1 | BM85: 1 | BN85: 1 | BO85: 1 | BP85: 1 | BQ85: 1 | BR85: 1 | BS85: 1 | BT85: 1 | BU85: 1 | BV85: 1 | BW85: 1 | BX85: 1 | BY85: 1 | BZ85: 1 | CA85: 1 | CB85: 1 | CC85: 1 | CD85: 1 | CE85: 1 | CF85: 1 | CG85: 1 | CH85: 1 | CI85: 1 | CJ85: 1 | CK85: 1 | CL85: 1 | CM85: 1 | CN85: 1 | CO85: 1 | CP85: 1 | CQ85: 1 | CR85: 1 | CS85: 1 | CT85: 1 | CU85: 1 | CV85: 1 | CW85: 1 | CX85: 1 | CY85: 1 | CZ85: 1 | DA85: 1 | DB85: 1 | DC85: 1 | DD85: 1 | DE85: 1 | DF85: 1 | DG85: 1 | DH85: 1 | DI85: 1 | DJ85: 1 | DK85: 1 | DL85: 1 | DM85: 1 | DN85: 1 | DO85: 1 | DP85: 1 | DQ85: 1 | DR85: 1 | DS85: 1 | DT85: 1 | DU85: 1 | DV85: 1 | DW85: 1 | DX85: 1 | DY85: 1 | DZ85: 1 | EA85: 1 | EB85: 1 | EC85: 1 | ED85: 1 | EE85: 1 | EF85: 1 | EG85: 1 | EH85: 1 | EI85: 1 | EJ85: 1 | EK85: 1 | EL85: 1
D86: 2.2 Reparación de Muñon del rotor | F86: 40 | G86: 45677 | H86: 45734 | I86: =+I87 -> 40 | J86: 0.12778935 | L86: =+L87*$J$87 -> 0 | M86: =+M87*$J$87 -> 0 | N86: =+N87*$J$87 -> 0 | O86: =+O87*$J$87 -> 0 | P86: =+P87*$J$87 -> 0 | Q86: =+Q87*$J$87 -> 0 | R86: =+R87*$J$87 -> 0 | S86: =+S87*$J$87 -> 0 | ... EL86: =+EL87*$J$87 -> 1
E87: Servicio de reparación de muñon #7 del rotor del generador | F87: 40 | G87: 45677 | H87: 45734 | I87: =+F87 -> 40 | J87: 1 | L87: 0 | M87: 0 | N87: 0 | O87: 0 | P87: 0 | Q87: 0 | R87: 0 | S87: 0 | T87: 0 | U87: 0 | V87: 0 | W87: 0 | X87: 0 | Y87: 0 | Z87: 0 | AA87: 0 | AB87: 0 | AC87: 0 | AD87: 0 | AE87: 0 | AF87: 0 | AG87: 0 | AH87: 0 | AI87: 0 | AJ87: 0 | AK87: 0 | AL87: 0 | AM87: 0 | AN87: 0 | AO87: 0 | AP87: 0 | AQ87: 0 | AR87: 0 | AS87: 0 | AT87: 0 | AU87: 0 | AV87: 0 | AW87: 0 | AX87: 0 | AY87: 0 | AZ87: 0 | BA87: 0 | BB87: 0.2 | BC87: 0.4 | BD87: 0.6 | BE87: 0.8 | BF87: 1 | BG87: 1 | BH87: 1 | BI87: 1 | BJ87: 1 | BK87: 1 | BL87: 1 | BM87: 1 | BN87: 1 | BO87: 1 | BP87: 1 | BQ87: 1 | BR87: 1 | BS87: 1 | BT87: 1 | BU87: 1 | BV87: 1 | BW87: 1 | BX87: 1 | BY87: 1 | BZ87: 1 | CA87: 1 | CB87: 1 | CC87: 1 | CD87: 1 | CE87: 1 | CF87: 1 | CG87: 1 | CH87: 1 | CI87: 1 | CJ87: 1 | CK87: 1 | CL87: 1 | CM87: 1 | CN87: 1 | CO87: 1 | CP87: 1 | CQ87: 1 | CR87: 1 | CS87: 1 | CT87: 1 | CU87: 1 | CV87: 1 | CW87: 1 | CX87: 1 | CY87: 1 | CZ87: 1 | DA87: 1 | DB87: 1 | DC87: 1 | DD87: 1 | DE87: 1 | DF87: 1 | DG87: 1 | DH87: 1 | DI87: 1 | DJ87: 1 | DK87: 1 | DL87: 1 | DM87: 1 | DN87: 1 | DO87: 1 | DP87: 1 | DQ87: 1 | DR87: 1 | DS87: 1 | DT87: 1 | DU87: 1 | DV87: 1 | DW87: 1 | DX87: 1 | DY87: 1 | DZ87: 1 | EA87: 1 | EB87: 1 | EC87: 1 | ED87: 1 | EE87: 1 | EF87: 1 | EG87: 1 | EH87: 1 | EI87: 1 | EJ87: 1 | EK87: 1 | EL87: 1
D88: 2.4 Reparación de componentes en talleres | F88: 91 | G88: 45533 | H88: 45688 | I88: =+SUM(I89:I97) -> 160 | J88: 0.15577858 | L88: =+SUMPRODUCT($J$89:$J$97,L89:L97) -> 0 | M88: =+SUMPRODUCT($J$89:$J$97,M89:M97) -> 0 | N88: =+SUMPRODUCT($J$89:$J$97,N89:N97) -> 0 | O88: =+SUMPRODUCT($J$89:$J$97,O89:O97) -> 0 | P88: =+SUMPRODUCT($J$89:$J$97,P89:P97) -> 0 | Q88: =+SUMPRODUCT($J$89:$J$97,Q89:Q97) -> 0 | R88: =+SUMPRODUCT($J$89:$J$97,R89:R97) -> 0 | S88: =+SUMPRODUCT($J$89:$J$97,S89:S97) -> 0 | ... EL88: =+SUMPRODUCT($J$89:$J$97,EL89:EL97) -> 1
E89: Inspeccion y Mantenimiento de rotores, Alta, Baja presión A y B. | F89: 30 | G89: 45566 | H89: 45607 | I89: =+F89 -> 30 | J89: 0.1875 | L89: 0 | M89: 0 | N89: 0 | O89: 0 | P89: 0 | Q89: 0 | R89: 0 | S89: 0 | T89: 0 | U89: 0 | V89: 0 | W89: 0 | X89: 0 | Y89: 0 | Z89: 0 | AA89: 0 | AB89: 0 | AC89: 0 | AD89: 0 | AE89: 0 | AF89: 0 | AG89: 0 | AH89: 0 | AI89: 0 | AJ89: 0 | AK89: 0.1 | AL89: 0.1 | AM89: 0.1 | AN89: 0.1 | AO89: 0.1 | AP89: 0.1 | AQ89: 0.1 | AR89: 0.1 | AS89: 0.1 | AT89: 0.1 | AU89: 0.1 | AV89: 0.1 | AW89: 0.1 | AX89: 0.1 | AY89: 0.1 | AZ89: 0.28 | BA89: 0.46 | BB89: 0.64 | BC89: 0.82 | BD89: 1 | BE89: 1 | BF89: 1 | BG89: 1 | BH89: 1 | BI89: 1 | BJ89: 1 | BK89: 1 | BL89: 1 | BM89: 1 | BN89: 1 | BO89: 1 | BP89: 1 | BQ89: 1 | BR89: 1 | BS89: 1 | BT89: 1 | BU89: 1 | BV89: 1 | BW89: 1 | BX89: 1 | BY89: 1 | BZ89: 1 | CA89: 1 | CB89: 1 | CC89: 1 | CD89: 1 | CE89: 1 | CF89: 1 | CG89: 1 | CH89: 1 | CI89: 1 | CJ89: 1 | CK89: 1 | CL89: 1 | CM89: 1 | CN89: 1 | CO89: 1 | CP89: 1 | CQ89: 1 | CR89: 1 | CS89: 1 | CT89: 1 | CU89: 1 | CV89: 1 | CW89: 1 | CX89: 1 | CY89: 1 | CZ89: 1 | DA89: 1 | DB89: 1 | DC89: 1 | DD89: 1 | DE89: 1 | DF89: 1 | DG89: 1 | DH89: 1 | DI89: 1 | DJ89: 1 | DK89: 1 | DL89: 1 | DM89: 1 | DN89: 1 | DO89: 1 | DP89: 1 | DQ89: 1 | DR89: 1 | DS89: 1 | DT89: 1 | DU89: 1 | DV89: 1 | DW89: 1 | DX89: 1 | DY89: 1 | DZ89: 1 | EA89: 1 | EB89: 1 | EC89: 1 | ED89: 1 | EE89: 1 | EF89: 1 | EG89: 1 | EH89: 1 | EI89: 1 | EJ89: 1 | EK89: 1 | EL89: 1
E90: Carga y traslado de taller a obra de rotores, Alta, Baja presión Ay B | F90: 10 | G90: 45608 | H90: 45621 | I90: =+F90 -> 10 | J90: 0.0625 | L90: 0 | M90: 0 | N90: 0 | O90: 0 | P90: 0 | Q90: 0 | R90: 0 | S90: 0 | T90: 0 | U90: 0 | V90: 0 | W90: 0 | X90: 0 | Y90: 0 | Z90: 0 | AA90: 0 | AB90: 0 | AC90: 0 | AD90: 0 | AE90: 0 | AF90: 1 | AG90: 1 | AH90: 1 | AI90: 1 | AJ90: 1 | AK90: 1 | AL90: 1 | AM90: 1 | AN90: 1 | AO90: 1 | AP90: 1 | AQ90: 1 | AR90: 1 | AS90: 1 | AT90: 1 | AU90: 1 | AV90: 1 | AW90: 1 | AX90: 1 | AY90: 1 | AZ90: 1 | BA90: 1 | BB90: 1 | BC90: 1 | BD90: 1 | BE90: 1 | BF90: 1 | BG90: 1 | BH90: 1 | BI90: 1 | BJ90: 1 | BK90: 1 | BL90: 1 | BM90: 1 | BN90: 1 | BO90: 1 | BP90: 1 | BQ90: 1 | BR90: 1 | BS90: 1 | BT90: 1 | BU90: 1 | BV90: 1 | BW90: 1 | BX90: 1 | BY90: 1 | BZ90: 1 | CA90: 1 | CB90: 1 | CC90: 1 | CD90: 1 | CE90: 1 | CF90: 1 | CG90: 1 | CH90: 1 | CI90: 1 | CJ90: 1 | CK90: 1 | CL90: 1 | CM90: 1 | CN90: 1 | CO90: 1 | CP90: 1 | CQ90: 1 | CR90: 1 | CS90: 1 | CT90: 1 | CU90: 1 | CV90: 1 | CW90: 1 | CX90: 1 | CY90: 1 | CZ90: 1 | DA90: 1 | DB90: 1 | DC90: 1 | DD90: 1 | DE90: 1 | DF90: 1 | DG90: 1 | DH90: 1 | DI90: 1 | DJ90: 1 | DK90: 1 | DL90: 1 | DM90: 1 | DN90: 1 | DO90: 1 | DP90: 1 | DQ90: 1 | DR90: 1 | DS90: 1 | DT90: 1 | DU90: 1 | DV90: 1 | DW90: 1 | DX90: 1 | DY90: 1 | DZ90: 1 | EA90: 1 | EB90: 1 | EC90: 1 | ED90: 1 | EE90: 1 | EF90: 1 | EG90: 1 | EH90: 1 | EI90: 1 | EJ90: 1 | EK90: 1 | EL90: 1
E91: Carga y traslado de obra a taller | F91: 10 | G91: 45552 | H91: 45565 | I91: =+F91 -> 10 | J91: 0.0625 | L91: 0 | M91: 0 | N91: 0 | O91: 0 | P91: 0 | Q91: 0 | R91: 0 | S91: 0 | T91: 0 | U91: 0 | V91: 0 | W91: 0 | X91: 0 | Y91: 0 | Z91: 0 | AA91: 1 | AB91: 1 | AC91: 1 | AD91: 1 | AE91: 1 | AF91: 1 | AG91: 1 | AH91: 1 | AI91: 1 | AJ91: 1 | AK91: 1 | AL91: 1 | AM91: 1 | AN91: 1 | AO91: 1 | AP91: 1 | AQ91: 1 | AR91: 1 | AS91: 1 | AT91: 1 | AU91: 1 | AV91: 1 | AW91: 1 | AX91: 1 | AY91: 1 | AZ91: 1 | BA91: 1 | BB91: 1 | BC91: 1 | BD91: 1 | BE91: 1 | BF91: 1 | BG91: 1 | BH91: 1 | BI91: 1 | BJ91: 1 | BK91: 1 | BL91: 1 | BM91: 1 | BN91: 1 | BO91: 1 | BP91: 1 | BQ91: 1 | BR91: 1 | BS91: 1 | BT91: 1 | BU91: 1 | BV91: 1 | BW91: 1 | BX91: 1 | BY91: 1 | BZ91: 1 | CA91: 1 | CB91: 1 | CC91: 1 | CD91: 1 | CE91: 1 | CF91: 1 | CG91: 1 | CH91: 1 | CI91: 1 | CJ91: 1 | CK91: 1 | CL91: 1 | CM91: 1 | CN91: 1 | CO91: 1 | CP91: 1 | CQ91: 1 | CR91: 1 | CS91: 1 | CT91: 1 | CU91: 1 | CV91: 1 | CW91: 1 | CX91: 1 | CY91: 1 | CZ91: 1 | DA91: 1 | DB91: 1 | DC91: 1 | DD91: 1 | DE91: 1 | DF91: 1 | DG91: 1 | DH91: 1 | DI91: 1 | DJ91: 1 | DK91: 1 | DL91: 1 | DM91: 1 | DN91: 1 | DO91: 1 | DP91: 1 | DQ91: 1 | DR91: 1 | DS91: 1 | DT91: 1 | DU91: 1 | DV91: 1 | DW91: 1 | DX91: 1 | DY91: 1 | DZ91: 1 | EA91: 1 | EB91: 1 | EC91: 1 | ED91: 1 | EE91: 1 | EF91: 1 | EG91: 1 | EH91: 1 | EI91: 1 | EJ91: 1 | EK91: 1 | EL91: 1
E92: Inspeccion y Reparación de Diafragmas. | F92: 50 | G92: 45566 | H92: 45635 | I92: =+F92 -> 50 | J92: 0.3125 | L92: 0 | M92: 0 | N92: 0 | O92: 0 | P92: 0 | Q92: 0 | R92: 0 | S92: 0 | T92: 0 | U92: 0 | V92: 0 | W92: 0 | X92: 0 | Y92: 0 | Z92: 0 | AA92: 0 | AB92: 0.027 | AC92: 0.12 | AD92: 0.2304 | AE92: 0.2304 | AF92: 0.319 | AG92: 0.33 | AH92: 0.341 | AI92: 0.352 | AJ92: 0.3762 | AK92: 0.3956 | AL92: 0.3956 | AM92: 0.3956 | AN92: 0.4066 | AO92: 0.4176 | AP92: 0.4624 | AQ92: 0.5072 | AR92: 0.552 | AS92: 0.5968 | AT92: 0.6416 | AU92: 0.6864 | AV92: 0.7312 | AW92: 0.776 | AX92: 0.8208 | AY92: 0.8656 | AZ92: 0.9104 | BA92: 0.9552 | BB92: 1 | BC92: 1 | BD92: 1 | BE92: 1 | BF92: 1 | BG92: 1 | BH92: 1 | BI92: 1 | BJ92: 1 | BK92: 1 | BL92: 1 | BM92: 1 | BN92: 1 | BO92: 1 | BP92: 1 | BQ92: 1 | BR92: 1 | BS92: 1 | BT92: 1 | BU92: 1 | BV92: 1 | BW92: 1 | BX92: 1 | BY92: 1 | BZ92: 1 | CA92: 1 | CB92: 1 | CC92: 1 | CD92: 1 | CE92: 1 | CF92: 1 | CG92: 1 | CH92: 1 | CI92: 1 | CJ92: 1 | CK92: 1 | CL92: 1 | CM92: 1 | CN92: 1 | CO92: 1 | CP92: 1 | CQ92: 1 | CR92: 1 | CS92: 1 | CT92: 1 | CU92: 1 | CV92: 1 | CW92: 1 | CX92: 1 | CY92: 1 | CZ92: 1 | DA92: 1 | DB92: 1 | DC92: 1 | DD92: 1 | DE92: 1 | DF92: 1 | DG92: 1 | DH92: 1 | DI92: 1 | DJ92: 1 | DK92: 1 | DL92: 1 | DM92: 1 | DN92: 1 | DO92: 1 | DP92: 1 | DQ92: 1 | DR92: 1 | DS92: 1 | DT92: 1 | DU92: 1 | DV92: 1 | DW92: 1 | DX92: 1 | DY92: 1 | DZ92: 1 | EA92: 1 | EB92: 1 | EC92: 1 | ED92: 1 | EE92: 1 | EF92: 1 | EG92: 1 | EH92: 1 | EI92: 1 | EJ92: 1 | EK92: 1 | EL92: 1
E93: Carga y traslado de taller a obra de diafragmas. | F93: 10 | G93: 45636 | H93: 45677 | I93: =+F93 -> 10 | J93: 0.0625 | L93: 0 | M93: 0 | N93: 0 | O93: 0 | P93: 0 | Q93: 0 | R93: 0 | S93: 0 | T93: 0 | U93: 0 | V93: 0 | W93: 0 | X93: 0 | Y93: 0 | Z93: 0 | AA93: 0 | AB93: 0 | AC93: 0 | AD93: 0 | AE93: 0 | AF93: 0 | AG93: 0 | AH93: 0 | AI93: 0 | AJ93: 0 | AK93: 0 | AL93: 0 | AM93: 0 | AN93: 0 | AO93: 0 | AP93: 0 | AQ93: 0 | AR93: 0 | AS93: 0 | AT93: 0 | AU93: 0 | AV93: 0 | AW93: 0 | AX93: 0 | AY93: 0 | AZ93: 0 | BA93: 0.3333 | BB93: 0.6666 | BC93: 1 | BD93: 1 | BE93: 1 | BF93: 1 | BG93: 1 | BH93: 1 | BI93: 1 | BJ93: 1 | BK93: 1 | BL93: 1 | BM93: 1 | BN93: 1 | BO93: 1 | BP93: 1 | BQ93: 1 | BR93: 1 | BS93: 1 | BT93: 1 | BU93: 1 | BV93: 1 | BW93: 1 | BX93: 1 | BY93: 1 | BZ93: 1 | CA93: 1 | CB93: 1 | CC93: 1 | CD93: 1 | CE93: 1 | CF93: 1 | CG93: 1 | CH93: 1 | CI93: 1 | CJ93: 1 | CK93: 1 | CL93: 1 | CM93: 1 | CN93: 1 | CO93: 1 | CP93: 1 | CQ93: 1 | CR93: 1 | CS93: 1 | CT93: 1 | CU93: 1 | CV93: 1 | CW93: 1 | CX93: 1 | CY93: 1 | CZ93: 1 | DA93: 1 | DB93: 1 | DC93: 1 | DD93: 1 | DE93: 1 | DF93: 1 | DG93: 1 | DH93: 1 | DI93: 1 | DJ93: 1 | DK93: 1 | DL93: 1 | DM93: 1 | DN93: 1 | DO93: 1 | DP93: 1 | DQ93: 1 | DR93: 1 | DS93: 1 | DT93: 1 | DU93: 1 | DV93: 1 | DW93: 1 | DX93: 1 | DY93: 1 | DZ93: 1 | EA93: 1 | EB93: 1 | EC93: 1 | ED93: 1 | EE93: 1 | EF93: 1 | EG93: 1 | EH93: 1 | EI93: 1 | EJ93: 1 | EK93: 1 | EL93: 1
E94: Carga y traslado de obra a taller de deflectores de aceite | F94: 10 | G94: 45677 | H94: 45688 | I94: =+F94 -> 10 | J94: 0.0625 | L94: 0 | M94: 0 | N94: 0 | O94: 0 | P94: 0 | Q94: 0 | R94: 0 | S94: 0 | T94: 0 | U94: 0 | V94: 0 | W94: 0 | X94: 0 | Y94: 0 | Z94: 0 | AA94: 1 | AB94: 1 | AC94: 1 | AD94: 1 | AE94: 1 | AF94: 1 | AG94: 1 | AH94: 1 | AI94: 1 | AJ94: 1 | AK94: 1 | AL94: 1 | AM94: 1 | AN94: 1 | AO94: 1 | AP94: 1 | AQ94: 1 | AR94: 1 | AS94: 1 | AT94: 1 | AU94: 1 | AV94: 1 | AW94: 1 | AX94: 1 | AY94: 1 | AZ94: 1 | BA94: 1 | BB94: 1 | BC94: 1 | BD94: 1 | BE94: 1 | BF94: 1 | BG94: 1 | BH94: 1 | BI94: 1 | BJ94: 1 | BK94: 1 | BL94: 1 | BM94: 1 | BN94: 1 | BO94: 1 | BP94: 1 | BQ94: 1 | BR94: 1 | BS94: 1 | BT94: 1 | BU94: 1 | BV94: 1 | BW94: 1 | BX94: 1 | BY94: 1 | BZ94: 1 | CA94: 1 | CB94: 1 | CC94: 1 | CD94: 1 | CE94: 1 | CF94: 1 | CG94: 1 | CH94: 1 | CI94: 1 | CJ94: 1 | CK94: 1 | CL94: 1 | CM94: 1 | CN94: 1 | CO94: 1 | CP94: 1 | CQ94: 1 | CR94: 1 | CS94: 1 | CT94: 1 | CU94: 1 | CV94: 1 | CW94: 1 | CX94: 1 | CY94: 1 | CZ94: 1 | DA94: 1 | DB94: 1 | DC94: 1 | DD94: 1 | DE94: 1 | DF94: 1 | DG94: 1 | DH94: 1 | DI94: 1 | DJ94: 1 | DK94: 1 | DL94: 1 | DM94: 1 | DN94: 1 | DO94: 1 | DP94: 1 | DQ94: 1 | DR94: 1 | DS94: 1 | DT94: 1 | DU94: 1 | DV94: 1 | DW94: 1 | DX94: 1 | DY94: 1 | DZ94: 1 | EA94: 1 | EB94: 1 | EC94: 1 | ED94: 1 | EE94: 1 | EF94: 1 | EG94: 1 | EH94: 1 | EI94: 1 | EJ94: 1 | EK94: 1 | EL94: 1
E95: Reparación de todos los deflectores de aceite. | F95: 30 | G95: 45566 | H95: 45607 | I95: =+F95 -> 30 | J95: 0.1875 | L95: 0 | M95: 0 | N95: 0 | O95: 0 | P95: 0 | Q95: 0 | R95: 0 | S95: 0 | T95: 0 | U95: 0 | V95: 0 | W95: 0 | X95: 0 | Y95: 0 | Z95: 0 | AA95: 0 | AB95: 0.15 | AC95: 0.3 | AD95: 0.4 | AE95: 0.4 | AF95: 0.44583333 | AG95: 0.44583333 | AH95: 0.5375 | AI95: 0.58333333 | AJ95: 0.62916667 | AK95: 0.685 | AL95: 0.685 | AM95: 0.685 | AN95: 0.73083333 | AO95: 0.77666667 | AP95: 0.79526667 | AQ95: 0.81386667 | AR95: 0.83246667 | AS95: 0.85106667 | AT95: 0.86966667 | AU95: 0.88826667 | AV95: 0.90686667 | AW95: 0.92546667 | AX95: 0.94406667 | AY95: 0.96266667 | AZ95: 0.98126667 | BA95: 0.99986667 | BB95: 1 | BC95: 1 | BD95: 1 | BE95: 1 | BF95: 1 | BG95: 1 | BH95: 1 | BI95: 1 | BJ95: 1 | BK95: 1 | BL95: 1 | BM95: 1 | BN95: 1 | BO95: 1 | BP95: 1 | BQ95: 1 | BR95: 1 | BS95: 1 | BT95: 1 | BU95: 1 | BV95: 1 | BW95: 1 | BX95: 1 | BY95: 1 | BZ95: 1 | CA95: 1 | CB95: 1 | CC95: 1 | CD95: 1 | CE95: 1 | CF95: 1 | CG95: 1 | CH95: 1 | CI95: 1 | CJ95: 1 | CK95: 1 | CL95: 1 | CM95: 1 | CN95: 1 | CO95: 1 | CP95: 1 | CQ95: 1 | CR95: 1 | CS95: 1 | CT95: 1 | CU95: 1 | CV95: 1 | CW95: 1 | CX95: 1 | CY95: 1 | CZ95: 1 | DA95: 1 | DB95: 1 | DC95: 1 | DD95: 1 | DE95: 1 | DF95: 1 | DG95: 1 | DH95: 1 | DI95: 1 | DJ95: 1 | DK95: 1 | DL95: 1 | DM95: 1 | DN95: 1 | DO95: 1 | DP95: 1 | DQ95: 1 | DR95: 1 | DS95: 1 | DT95: 1 | DU95: 1 | DV95: 1 | DW95: 1 | DX95: 1 | DY95: 1 | DZ95: 1 | EA95: 1 | EB95: 1 | EC95: 1 | ED95: 1 | EE95: 1 | EF95: 1 | EG95: 1 | EH95: 1 | EI95: 1 | EJ95: 1 | EK95: 1 | EL95: 1
E96: Carga y traslado de taller a obra de deflectores de aceite. | F96: 10 | G96: 45608 | H96: 45621 | I96: =+F96 -> 10 | J96: 0.0625 | L96: 0 | M96: 0 | N96: 0 | O96: 0 | P96: 0 | Q96: 0 | R96: 0 | S96: 0 | T96: 0 | U96: 0 | V96: 0 | W96: 0 | X96: 0 | Y96: 0 | Z96: 0 | AA96: 0 | AB96: 0 | AC96: 0 | AD96: 0 | AE96: 0 | AF96: 0 | AG96: 0 | AH96: 0 | AI96: 0 | AJ96: 0 | AK96: 0 | AL96: 0 | AM96: 0 | AN96: 0 | AO96: 0 | AP96: 0 | AQ96: 0 | AR96: 0 | AS96: 0 | AT96: 0 | AU96: 0 | AV96: 0 | AW96: 0 | AX96: 0 | AY96: 0 | AZ96: 0 | BA96: 0.3333 | BB96: 0.6666 | BC96: 1 | BD96: 1 | BE96: 1 | BF96: 1 | BG96: 1 | BH96: 1 | BI96: 1 | BJ96: 1 | BK96: 1 | BL96: 1 | BM96: 1 | BN96: 1 | BO96: 1 | BP96: 1 | BQ96: 1 | BR96: 1 | BS96: 1 | BT96: 1 | BU96: 1 | BV96: 1 | BW96: 1 | BX96: 1 | BY96: 1 | BZ96: 1 | CA96: 1 | CB96: 1 | CC96: 1 | CD96: 1 | CE96: 1 | CF96: 1 | CG96: 1 | CH96: 1 | CI96: 1 | CJ96: 1 | CK96: 1 | CL96: 1 | CM96: 1 | CN96: 1 | CO96: 1 | CP96: 1 | CQ96: 1 | CR96: 1 | CS96: 1 | CT96: 1 | CU96: 1 | CV96: 1 | CW96: 1 | CX96: 1 | CY96: 1 | CZ96: 1 | DA96: 1 | DB96: 1 | DC96: 1 | DD96: 1 | DE96: 1 | DF96: 1 | DG96: 1 | DH96: 1 | DI96: 1 | DJ96: 1 | DK96: 1 | DL96: 1 | DM96: 1 | DN96: 1 | DO96: 1 | DP96: 1 | DQ96: 1 | DR96: 1 | DS96: 1 | DT96: 1 | DU96: 1 | DV96: 1 | DW96: 1 | DX96: 1 | DY96: 1 | DZ96: 1 | EA96: 1 | EB96: 1 | EC96: 1 | ED96: 1 | EE96: 1 | EF96: 1 | EG96: 1 | EH96: 1 | EI96: 1 | EJ96: 1 | EK96: 1 | EL96: 1
E97: Concurso para elección de talleres externos | F97: 0 | G97: 45533 | H97: 45533 | I97: =+F97 -> 0 | J97: 1e-119 | L97: 0 | M97: 0 | N97: 0 | O97: 0 | P97: 0 | Q97: 0 | R97: 0 | S97: 0 | T97: 0 | U97: 0 | V97: 0 | W97: 0 | X97: 0 | Y97: 0 | Z97: 1 | AA97: 1 | AB97: 1 | AC97: 1 | AD97: 1 | AE97: 1 | AF97: 1 | AG97: 1 | AH97: 1 | AI97: 1 | AJ97: 1 | AK97: 1 | AL97: 1 | AM97: 1 | AN97: 1 | AO97: 1 | AP97: 1 | AQ97: 1 | AR97: 1 | AS97: 1 | AT97: 1 | AU97: 1 | AV97: 1 | AW97: 1 | AX97: 1 | AY97: 1 | AZ97: 1 | BA97: 1 | BB97: 1 | BC97: 1 | BD97: 1 | BE97: 1 | BF97: 1 | BG97: 1 | BH97: 1 | BI97: 1 | BJ97: 1 | BK97: 1 | BL97: 1 | BM97: 1 | BN97: 1 | BO97: 1 | BP97: 1 | BQ97: 1 | BR97: 1 | BS97: 1 | BT97: 1 | BU97: 1 | BV97: 1 | BW97: 1 | BX97: 1 | BY97: 1 | BZ97: 1 | CA97: 1 | CB97: 1 | CC97: 1 | CD97: 1 | CE97: 1 | CF97: 1 | CG97: 1 | CH97: 1 | CI97: 1 | CJ97: 1 | CK97: 1 | CL97: 1 | CM97: 1 | CN97: 1 | CO97: 1 | CP97: 1 | CQ97: 1 | CR97: 1 | CS97: 1 | CT97: 1 | CU97: 1 | CV97: 1 | CW97: 1 | CX97: 1 | CY97: 1 | CZ97: 1 | DA97: 1 | DB97: 1 | DC97: 1 | DD97: 1 | DE97: 1 | DF97: 1 | DG97: 1 | DH97: 1 | DI97: 1 | DJ97: 1 | DK97: 1 | DL97: 1 | DM97: 1 | DN97: 1 | DO97: 1 | DP97: 1 | DQ97: 1 | DR97: 1 | DS97: 1 | DT97: 1 | DU97: 1 | DV97: 1 | DW97: 1 | DX97: 1 | DY97: 1 | DZ97: 1 | EA97: 1 | EB97: 1 | EC97: 1 | ED97: 1 | EE97: 1 | EF97: 1 | EG97: 1 | EH97: 1 | EI97: 1 | EJ97: 1 | EK97: 1 | EL97: 1
D98: 2.6 Pruebas de ensayos no destructivos | F98: 84 | G98: 45573 | H98: 45716 | I98: =+SUM(I99:I102) -> 69 | J98: 0.029849192 | L98: =+SUMPRODUCT($J$99:$J$102,L99:L102) -> 0 | M98: =+SUMPRODUCT($J$99:$J$102,M99:M102) -> 0 | N98: =+SUMPRODUCT($J$99:$J$102,N99:N102) -> 0 | O98: =+SUMPRODUCT($J$99:$J$102,O99:O102) -> 0 | P98: =+SUMPRODUCT($J$99:$J$102,P99:P102) -> 0 | Q98: =+SUMPRODUCT($J$99:$J$102,Q99:Q102) -> 0 | R98: =+SUMPRODUCT($J$99:$J$102,R99:R102) -> 0 | S98: =+SUMPRODUCT($J$99:$J$102,S99:S102) -> 0 | ... EL98: =+SUMPRODUCT($J$99:$J$102,EL99:EL102) -> 1
E99: Inspección de ensayos no destructivos a todos lo alabes moviles y secciones de cojinetes y sellos de rotores de turbinas | F99: 9 | G99: 45573 | H99: 45583 | I99: =+F99 -> 9 | J99: 0.13043478 | L99: 0 | M99: 0 | N99: 0 | O99: 0 | P99: 0 | Q99: 0 | R99: 0 | S99: 0 | T99: 0 | U99: 0 | V99: 0 | W99: 0 | X99: 0 | Y99: 0 | Z99: 0 | AA99: 0 | AB99: 0 | AC99: 0 | AD99: 0 | AE99: 0 | AF99: 0.029411765 | AG99: 1 | AH99: 1 | AI99: 1 | AJ99: 1 | AK99: 1 | AL99: 1 | AM99: 1 | AN99: 1 | AO99: 1 | AP99: 1 | AQ99: 1 | AR99: 1 | AS99: 1 | AT99: 1 | AU99: 1 | AV99: 1 | AW99: 1 | AX99: 1 | AY99: 1 | AZ99: 1 | BA99: 1 | BB99: 1 | BC99: 1 | BD99: 1 | BE99: 1 | BF99: 1 | BG99: 1 | BH99: 1 | BI99: 1 | BJ99: 1 | BK99: 1 | BL99: 1 | BM99: 1 | BN99: 1 | BO99: 1 | BP99: 1 | BQ99: 1 | BR99: 1 | BS99: 1 | BT99: 1 | BU99: 1 | BV99: 1 | BW99: 1 | BX99: 1 | BY99: 1 | BZ99: 1 | CA99: 1 | CB99: 1 | CC99: 1 | CD99: 1 | CE99: 1 | CF99: 1 | CG99: 1 | CH99: 1 | CI99: 1 | CJ99: 1 | CK99: 1 | CL99: 1 | CM99: 1 | CN99: 1 | CO99: 1 | CP99: 1 | CQ99: 1 | CR99: 1 | CS99: 1 | CT99: 1 | CU99: 1 | CV99: 1 | CW99: 1 | CX99: 1 | CY99: 1 | CZ99: 1 | DA99: 1 | DB99: 1 | DC99: 1 | DD99: 1 | DE99: 1 | DF99: 1 | DG99: 1 | DH99: 1 | DI99: 1 | DJ99: 1 | DK99: 1 | DL99: 1 | DM99: 1 | DN99: 1 | DO99: 1 | DP99: 1 | DQ99: 1 | DR99: 1 | DS99: 1 | DT99: 1 | DU99: 1 | DV99: 1 | DW99: 1 | DX99: 1 | DY99: 1 | DZ99: 1 | EA99: 1 | EB99: 1 | EC99: 1 | ED99: 1 | EE99: 1 | EF99: 1 | EG99: 1 | EH99: 1 | EI99: 1 | EJ99: 1 | EK99: 1 | EL99: 1
E100: Inspección durante el proceso y final de ensayos no destructivos a las zonas reparadas de difragmas | F100: 40 | G100: 45580 | H100: 45635 | I100: =+F100 -> 40 | J100: 0.57971014 | L100: 0 | M100: 0 | N100: 0 | O100: 0 | P100: 0 | Q100: 0 | R100: 0 | S100: 0 | T100: 0 | U100: 0 | V100: 0 | W100: 0 | X100: 0 | Y100: 0 | Z100: 0 | AA100: 0 | AB100: 0 | AC100: 0 | AD100: 0 | AE100: 0 | AF100: 0.2 | AG100: 0.57 | AH100: 0.75 | AI100: 0.89 | AJ100: 0.97 | AK100: 0.97 | AL100: 0.97 | AM100: 0.97 | AN100: 0.97 | AO100: 1 | AP100: 1 | AQ100: 1 | AR100: 1 | AS100: 1 | AT100: 1 | AU100: 1 | AV100: 1 | AW100: 1 | AX100: 1 | AY100: 1 | AZ100: 1 | BA100: 1 | BB100: 1 | BC100: 1 | BD100: 1 | BE100: 1 | BF100: 1 | BG100: 1 | BH100: 1 | BI100: 1 | BJ100: 1 | BK100: 1 | BL100: 1 | BM100: 1 | BN100: 1 | BO100: 1 | BP100: 1 | BQ100: 1 | BR100: 1 | BS100: 1 | BT100: 1 | BU100: 1 | BV100: 1 | BW100: 1 | BX100: 1 | BY100: 1 | BZ100: 1 | CA100: 1 | CB100: 1 | CC100: 1 | CD100: 1 | CE100: 1 | CF100: 1 | CG100: 1 | CH100: 1 | CI100: 1 | CJ100: 1 | CK100: 1 | CL100: 1 | CM100: 1 | CN100: 1 | CO100: 1 | CP100: 1 | CQ100: 1 | CR100: 1 | CS100: 1 | CT100: 1 | CU100: 1 | CV100: 1 | CW100: 1 | CX100: 1 | CY100: 1 | CZ100: 1 | DA100: 1 | DB100: 1 | DC100: 1 | DD100: 1 | DE100: 1 | DF100: 1 | DG100: 1 | DH100: 1 | DI100: 1 | DJ100: 1 | DK100: 1 | DL100: 1 | DM100: 1 | DN100: 1 | DO100: 1 | DP100: 1 | DQ100: 1 | DR100: 1 | DS100: 1 | DT100: 1 | DU100: 1 | DV100: 1 | DW100: 1 | DX100: 1 | DY100: 1 | DZ100: 1 | EA100: 1 | EB100: 1 | EC100: 1 | ED100: 1 | EE100: 1 | EF100: 1 | EG100: 1 | EH100: 1 | EI100: 1 | EJ100: 1 | EK100: 1 | EL100: 1
E101: Limpieza e inspección de ensayos no destructivos y dimensional de deflectores de aire | F101: 5 | G101: 45691 | H101: 45695 | I101: =+F101 -> 5 | J101: 0.072463768 | L101: 0 | M101: 0 | N101: 0 | O101: 0 | P101: 0 | Q101: 0 | R101: 0 | S101: 0 | T101: 0 | U101: 0 | V101: 0 | W101: 0 | X101: 0 | Y101: 0 | Z101: 0 | AA101: 0 | AB101: 0 | AC101: 0.3 | AD101: 0.3 | AE101: 0.3 | AF101: 0.32058824 | AG101: 0.34117647 | AH101: 0.34117647 | AI101: 0.34117647 | AJ101: 0.34117647 | AK101: 0.34117647 | AL101: 0.34117647 | AM101: 0.34117647 | AN101: 0.34117647 | AO101: 0.34117647 | AP101: 0.37107647 | AQ101: 0.40097647 | AR101: 0.43087647 | AS101: 0.46077647 | AT101: 0.49067647 | AU101: 0.52057647 | AV101: 0.55047647 | AW101: 0.58037647 | AX101: 0.61027647 | AY101: 0.64017647 | AZ101: 0.67007647 | BA101: 0.69997647 | BB101: 0.72987647 | BC101: 0.75977647 | BD101: 0.78967647 | BE101: 0.81957647 | BF101: 0.84947647 | BG101: 0.87937647 | BH101: 0.90927647 | BI101: 0.93917647 | BJ101: 0.96907647 | BK101: 0.99897647 | BL101: 1 | BM101: 1 | BN101: 1 | BO101: 1 | BP101: 1 | BQ101: 1 | BR101: 1 | BS101: 1 | BT101: 1 | BU101: 1 | BV101: 1 | BW101: 1 | BX101: 1 | BY101: 1 | BZ101: 1 | CA101: 1 | CB101: 1 | CC101: 1 | CD101: 1 | CE101: 1 | CF101: 1 | CG101: 1 | CH101: 1 | CI101: 1 | CJ101: 1 | CK101: 1 | CL101: 1 | CM101: 1 | CN101: 1 | CO101: 1 | CP101: 1 | CQ101: 1 | CR101: 1 | CS101: 1 | CT101: 1 | CU101: 1 | CV101: 1 | CW101: 1 | CX101: 1 | CY101: 1 | CZ101: 1 | DA101: 1 | DB101: 1 | DC101: 1 | DD101: 1 | DE101: 1 | DF101: 1 | DG101: 1 | DH101: 1 | DI101: 1 | DJ101: 1 | DK101: 1 | DL101: 1 | DM101: 1 | DN101: 1 | DO101: 1 | DP101: 1 | DQ101: 1 | DR101: 1 | DS101: 1 | DT101: 1 | DU101: 1 | DV101: 1 | DW101: 1 | DX101: 1 | DY101: 1 | DZ101: 1 | EA101: 1 | EB101: 1 | EC101: 1 | ED101: 1 | EE101: 1 | EF101: 1 | EG101: 1 | EH101: 1 | EI101: 1 | EJ101: 1 | EK101: 1 | EL101: 1
...

Sheet Avance 100
G1: Av.Mensual | M1: =M6-I6 -> 0.0040707199 | N1: =N6-J6 -> 0.0047449725 | O1: =O6-K6 -> 0.016888861 | P1: =P6-L6 -> 0.035265941 | Q1: =Q6-M6 -> 0.060333225 | R1: =R6-N6 -> 0.072918092 | S1: =S6-O6 -> 0.09638928 | T1: =T6-P6 -> 0.081198591 | ... BZ1: =BZ6-BV6 -> 0.018501095 | CA1: =CA6-BV6 -> 0.019474722 | CB1: =CB6-BW6 -> 0.015572991 | CC1: =CC6-BX6 -> 0.026813399 | CD1: =CD6-BY6 -> 0.025159817 | CE1: =CE6-BZ6 -> 0.029414762 | CF1: =CF6-CA6 -> 0.030868497 | CG1: =CG6-CB6 -> 0.025387509 | CH1: =CH6-CC6 -> 0.013329911 | ... EI1: =EI6-ED6 -> 0.014711169
F2: Bisemanal | G2: Av.Bisemanal | J2: =+J6-H6 -> 0.0006681211 | K2: =+K6-I6 -> 0.001257492 | L2: =+L6-J6 -> 0.0020755527 | M2: =+M6-K6 -> 0.0028132279 | N2: =+N6-L6 -> 0.0026694199 | O2: =+O6-M6 -> 0.014075633 | P2: =+P6-N6 -> 0.032596522 | Q2: =+Q6-O6 -> 0.046257592 | ... AI2: =+AI6-AG6 -> 0.0096718679 | AJ2: =+AJ6-AI6 -> 0 | AK2: =+AK6-AJ6 -> 0.0049504048 | AL2: =+AL6-AK6 -> 0.0095951444 | AM2: =+AM6-AL6 -> 0.0069560474 | AN2: =+AN6-AM6 -> 0.0090932818 | AO2: =+AO6-AN6 -> 0.017683864 | AP2: =+AP6-AO6 -> 0.023049928 | AQ2: =+AQ6-AP6 -> 0.01402869 | ... AV2: =+AV6-AU6 -> 0.0096819382 | AW2: =+AW6-AU6 -> 0.02064512 | AX2: =+AX6-AV6 -> 0.024922379 | AY2: =+AY6-AW6 -> 0.014032609 | AZ2: =+AZ6-AX6 -> 0.012318319 | BA2: =+BA6-AY6 -> 0.02384404 | BB2: =+BB6-AZ6 -> 0.02821999 | BC2: =+BC6-BA6 -> 0.025196582 | BD2: =+BD6-BB6 -> 0.017827746 | ... EI2: =+EI6-EG6 -> 0.014711169
G3: Av.Semanal | J3: =J6-I6 -> 0.00058030747 | K3: =K6-J6 -> 0.00067718453 | L3: =L6-K6 -> 0.0013983681 | M3: =M6-L6 -> 0.0014148597 | N3: =N6-M6 -> 0.0012545601 | O3: =O6-N6 -> 0.012821073 | P3: =P6-O6 -> 0.019775449 | Q3: =Q6-P6 -> 0.026482143 | ... EI3: =EI6-EH6 -> 0.014711169
B4: EDT | G4: Pesos | I4: 45474 | J4: =+I4+7 -> 45481 | K4: =+J4+7 -> 45488 | L4: =+K4+7 -> 45495 | M4: =+L4+7 -> 45502 | N4: =+M4+7 -> 45509 | O4: =+N4+7 -> 45516 | P4: =+O4+7 -> 45523 | Q4: =+P4+7 -> 45530 | ... EI4: =+EH4+7 -> 46384
B5: N1 | C5: N2 | D5: N3 | E5: N4 | F5: Dura. | G5: Pesos | H5: Column4 | I5: 01/07/24 | J5: 08/07/24 | K5: 15/07/24 | L5: 22/07/24 | M5: 29/07/24 | N5: 05/08/24 | O5: 12/08/24 | P5: 19/08/24 | Q5: 26/08/24 | R5: 02/09/24 | S5: 09/09/24 | T5: 16/09/24 | U5: 23/09/24 | V5: 30/09/24 | W5: 07/10/24 | X5: 14/10/24 | Y5: 21/10/24 | Z5: 28/10/24 | AA5: 04/11/24 | AB5: 11/11/24 | AC5: 18/11/24 | AD5: 25/11/24 | AE5: 02/12/24 | AF5: 09/12/24 | AG5: 16/12/24 | AH5: 23/12/24 | AI5: 30/12/24 | AJ5: 06/01/25 | AK5: 13/01/25 | AL5: 20/01/25 | AM5: 27/01/25 | AN5: 03/02/25 | AO5: 10/02/25 | AP5: 17/02/25 | AQ5: 24/02/25 | AR5: 03/03/25 | AS5: 10/03/25 | AT5: 17/03/25 | AU5: 24/03/25 | AV5: 31/03/25 | AW5: 07/04/25 | AX5: 14/04/25 | AY5: 21/04/25 | AZ5: 28/04/25 | BA5: 05/05/25 | BB5: 12/05/25 | BC5: 19/05/25 | BD5: 26/05/25 | BE5: 02/06/25 | BF5: 09/06/25 | BG5: 16/06/25 | BH5: 23/06/25 | BI5: 30/06/25 | BJ5: 07/07/25 | BK5: 14/07/25 | BL5: 21/07/25 | BM5: 28/07/25 | BN5: 04/08/25 | BO5: 11/08/25 | BP5: 18/08/25 | BQ5: 25/08/25 | BR5: 01/09/25 | BS5: 08/09/25 | BT5: 15/09/25 | BU5: 22/09/25 | BV5: 29/09/25 | BW5: 06/10/25 | BX5: 13/10/25 | BY5: 20/10/25 | BZ5: 27/10/25 | CA5: 03/11/25 | CB5: 10/11/25 | CC5: 17/11/25 | CD5: 24/11/25 | CE5: 01/12/25 | CF5: 08/12/25 | CG5: 15/12/25 | CH5: 22/12/25 | CI5: 29/12/25 | CJ5: 05/01/26 | CK5: 12/01/26 | CL5: 19/01/26 | CM5: 26/01/26 | CN5: 02/02/26 | CO5: 09/02/26 | CP5: 16/02/26 | CQ5: 23/02/26 | CR5: 02/03/26 | CS5: 09/03/26 | CT5: 16/03/26 | CU5: 23/03/26 | CV5: 30/03/26 | CW5: 06/04/26 | CX5: 13/04/26 | CY5: 20/04/26 | CZ5: 27/04/26 | DA5: 04/05/26 | DB5: 11/05/26 | DC5: 18/05/26 | DD5: 25/05/26 | DE5: 01/06/26 | DF5: 08/06/26 | DG5: 15/06/26 | DH5: 22/06/26 | DI5: 29/06/26 | DJ5: 06/07/26 | DK5: 13/07/26 | DL5: 20/07/26 | DM5: 27/07/26 | DN5: 03/08/26 | DO5: 10/08/26 | DP5: 17/08/26 | DQ5: 24/08/26 | DR5: 31/08/26 | DS5: 07/09/26 | DT5: 14/09/26 | DU5: 21/09/26 | DV5: 28/09/26 | DW5: 05/10/26 | DX5: 12/10/26 | DY5: 19/10/26 | DZ5: 26/10/26 | EA5: 02/11/26 | EB5: 09/11/26 | EC5: 16/11/26 | ED5: 23/11/26 | EE5: 30/11/26 | EF5: 07/12/26 | EG5: 14/12/26 | EH5: 21/12/26 | EI5: 28/12/26
B6: Proyecto: Plan Master Tacoa | F6: =+F7+F14+F79 -> 2650 | G6: 1 | I6: =+I7*$G$7+I14*$G$14+I79*$G$79 -> 8.7813633e-05 | J6: =+J7*$G$7+J14*$G$14+J79*$G$79 -> 0.0006681211 | K6: =+K7*$G$7+K14*$G$14+K79*$G$79 -> 0.0013453056 | L6: =+L7*$G$7+L14*$G$14+L79*$G$79 -> 0.0027436738 | M6: =+M7*$G$7+M14*$G$14+M79*$G$79 -> 0.0041585335 | N6: =+N7*$G$7+N14*$G$14+N79*$G$79 -> 0.0054130936 | O6: =+O7*$G$7+O14*$G$14+O79*$G$79 -> 0.018234166 | P6: =+P7*$G$7+P14*$G$14+P79*$G$79 -> 0.038009615 | ... EI6: =+EI7*$G$7+EI14*$G$14+EI79*$G$79 -> 0.85127517
C7: Actividades Preliminares | F7: =+F8 -> 87 | G7: 1e-145 | I7: =+I8*$G$8 -> 0 | J7: =+J8*$G$8 -> 0.13103448 | K7: =+K8*$G$8 -> 0.30804598 | L7: =+L8*$G$8 -> 0.46206897 | M7: =+M8*$G$8 -> 0.66206897 | N7: =+N8*$G$8 -> 0.78735632 | O7: =+O8*$G$8 -> 1 | P7: =+P8*$G$8 -> 1 | ... EI7: =+EI8*$G$8 -> 1
D8: 0.0 Actividades preliminares | F8: =+SUM(F9:F13) -> 87 | G8: 1 | I8: =+SUMPRODUCT($G$9:$G$13,I9:I13) -> 0 | J8: =+SUMPRODUCT($G$9:$G$13,J9:J13) -> 0.13103448 | K8: =+SUMPRODUCT($G$9:$G$13,K9:K13) -> 0.30804598 | L8: =+SUMPRODUCT($G$9:$G$13,L9:L13) -> 0.46206897 | M8: =+SUMPRODUCT($G$9:$G$13,M9:M13) -> 0.66206897 | N8: =+SUMPRODUCT($G$9:$G$13,N9:N13) -> 0.78735632 | O8: =+SUMPRODUCT($G$9:$G$13,O9:O13) -> 1 | P8: =+SUMPRODUCT($G$9:$G$13,P9:P13) -> 1 | ... EI8: =+SUMPRODUCT($G$9:$G$13,EI9:EI13) -> 1
E9: Inicio de actividades | F9: 0 | G9: 1e-119 | I9: 0 | J9: 1 | K9: 1 | L9: 1 | M9: 1 | N9: 1 | O9: 1 | P9: 1 | Q9: 1 | R9: 1 | S9: 1 | T9: 1 | U9: 1 | V9: 1 | W9: 1 | X9: 1 | Y9: 1 | Z9: 1 | AA9: 1 | AB9: 1 | AC9: 1 | AD9: 1 | AE9: 1 | AF9: 1 | AG9: 1 | AH9: 1 | AI9: 1 | AJ9: 1 | AK9: 1 | AL9: 1 | AM9: 1 | AN9: 1 | AO9: 1 | AP9: 1 | AQ9: 1 | AR9: 1 | AS9: 1 | AT9: 1 | AU9: 1 | AV9: 1 | AW9: 1 | AX9: 1 | AY9: 1 | AZ9: 1 | BA9: 1 | BB9: 1 | BC9: 1 | BD9: 1 | BE9: 1 | BF9: 1 | BG9: 1 | BH9: 1 | BI9: 1 | BJ9: 1 | BK9: 1 | BL9: 1 | BM9: 1 | BN9: 1 | BO9: 1 | BP9: 1 | BQ9: 1 | BR9: 1 | BS9: 1 | BT9: 1 | BU9: 1 | BV9: 1 | BW9: 1 | BX9: 1 | BY9: 1 | BZ9: 1 | CA9: 1 | CB9: 1 | CC9: 1 | CD9: 1 | CE9: 1 | CF9: 1 | CG9: 1 | CH9: 1 | CI9: 1 | CJ9: 1 | CK9: 1 | CL9: 1 | CM9: 1 | CN9: 1 | CO9: 1 | CP9: 1 | CQ9: 1 | CR9: 1 | CS9: 1 | CT9: 1 | CU9: 1 | CV9: 1 | CW9: 1 | CX9: 1 | CY9: 1 | CZ9: 1 | DA9: 1 | DB9: 1 | DC9: 1 | DD9: 1 | DE9: 1 | DF9: 1 | DG9: 1 | DH9: 1 | DI9: 1 | DJ9: 1 | DK9: 1 | DL9: 1 | DM9: 1 | DN9: 1 | DO9: 1 | DP9: 1 | DQ9: 1 | DR9: 1 | DS9: 1 | DT9: 1 | DU9: 1 | DV9: 1 | DW9: 1 | DX9: 1 | DY9: 1 | DZ9: 1 | EA9: 1 | EB9: 1 | EC9: 1 | ED9: 1 | EE9: 1 | EF9: 1 | EG9: 1 | EH9: 1 | EI9: 1
E10: Fin de actividades | F10: 0 | G10: 1e-119 | I10: 0 | J10: 0 | K10: 0 | L10: 0 | M10: 0 | N10: 0 | O10: 0 | P10: 0 | Q10: 0 | R10: 0 | S10: 0 | T10: 0 | U10: 0 | V10: 0 | W10: 0 | X10: 0 | Y10: 0 | Z10: 0 | AA10: 0 | AB10: 0 | AC10: 0 | AD10: 0 | AE10: 0 | AF10: 0 | AG10: 0 | AH10: 0 | AI10: 0 | AJ10: 0 | AK10: 0 | AL10: 0 | AM10: 0 | AN10: 0 | AO10: 0 | AP10: 0 | AQ10: 0 | AR10: 0 | AS10: 0 | AT10: 0 | AU10: 0 | AV10: 0 | AW10: 0 | AX10: 0 | AY10: 0 | AZ10: 0 | BA10: 0 | BB10: 0 | BC10: 0 | BD10: 0 | BE10: 0 | BF10: 0 | BG10: 0 | BH10: 0 | BI10: 0 | BJ10: 0 | BK10: 0 | BL10: 0 | BM10: 0 | BN10: 0 | BO10: 0 | BP10: 0 | BQ10: 0 | BR10: 0 | BS10: 0 | BT10: 0 | BU10: 0 | BV10: 0 | BW10: 0 | BX10: 0 | BY10: 0 | BZ10: 0 | CA10: 0 | CB10: 0 | CC10: 0 | CD10: 0 | CE10: 0 | CF10: 0 | CG10: 0 | CH10: 0 | CI10: 0 | CJ10: 0 | CK10: 0 | CL10: 0 | CM10: 0 | CN10: 0 | CO10: 0 | CP10: 0 | CQ10: 0 | CR10: 0 | CS10: 0 | CT10: 0 | CU10: 0 | CV10: 0 | CW10: 0 | CX10: 0 | CY10: 0 | CZ10: 0 | DA10: 0 | DB10: 0 | DC10: 0 | DD10: 0 | DE10: 0 | DF10: 0 | DG10: 0 | DH10: 0 | DI10: 0 | DJ10: 0 | DK10: 0 | DL10: 0 | DM10: 0 | DN10: 0 | DO10: 0 | DP10: 0 | DQ10: 0 | DR10: 0 | DS10: 0 | DT10: 0 | DU10: 0 | DV10: 0 | DW10: 0 | DX10: 0 | DY10: 0 | DZ10: 0 | EA10: 0 | EB10: 0 | EC10: 0 | ED10: 0 | EE10: 0 | EF10: 0 | EG10: 0 | EH10: 0 | EI10: 0
E11: Movilizacion | F11: 25 | G11: 0.28735632 | I11: 0 | J11: 0.2 | K11: 0.4 | L11: 0.6 | M11: 0.8 | N11: 0.9 | O11: 1 | P11: 1 | Q11: 1 | R11: 1 | S11: 1 | T11: 1 | U11: 1 | V11: 1 | W11: 1 | X11: 1 | Y11: 1 | Z11: 1 | AA11: 1 | AB11: 1 | AC11: 1 | AD11: 1 | AE11: 1 | AF11: 1 | AG11: 1 | AH11: 1 | AI11: 1 | AJ11: 1 | AK11: 1 | AL11: 1 | AM11: 1 | AN11: 1 | AO11: 1 | AP11: 1 | AQ11: 1 | AR11: 1 | AS11: 1 | AT11: 1 | AU11: 1 | AV11: 1 | AW11: 1 | AX11: 1 | AY11: 1 | AZ11: 1 | BA11: 1 | BB11: 1 | BC11: 1 | BD11: 1 | BE11: 1 | BF11: 1 | BG11: 1 | BH11: 1 | BI11: 1 | BJ11: 1 | BK11: 1 | BL11: 1 | BM11: 1 | BN11: 1 | BO11: 1 | BP11: 1 | BQ11: 1 | BR11: 1 | BS11: 1 | BT11: 1 | BU11: 1 | BV11: 1 | BW11: 1 | BX11: 1 | BY11: 1 | BZ11: 1 | CA11: 1 | CB11: 1 | CC11: 1 | CD11: 1 | CE11: 1 | CF11: 1 | CG11: 1 | CH11: 1 | CI11: 1 | CJ11: 1 | CK11: 1 | CL11: 1 | CM11: 1 | CN11: 1 | CO11: 1 | CP11: 1 | CQ11: 1 | CR11: 1 | CS11: 1 | CT11: 1 | CU11: 1 | CV11: 1 | CW11: 1 | CX11: 1 | CY11: 1 | CZ11: 1 | DA11: 1 | DB11: 1 | DC11: 1 | DD11: 1 | DE11: 1 | DF11: 1 | DG11: 1 | DH11: 1 | DI11: 1 | DJ11: 1 | DK11: 1 | DL11: 1 | DM11: 1 | DN11: 1 | DO11: 1 | DP11: 1 | DQ11: 1 | DR11: 1 | DS11: 1 | DT11: 1 | DU11: 1 | DV11: 1 | DW11: 1 | DX11: 1 | DY11: 1 | DZ11: 1 | EA11: 1 | EB11: 1 | EC11: 1 | ED11: 1 | EE11: 1 | EF11: 1 | EG11: 1 | EH11: 1 | EI11: 1
E12: Preparacion del campamento | F12: 22 | G12: 0.25287356 | I12: 0 | J12: 0.2 | K12: 0.4 | L12: 0.6 | M12: 0.8 | N12: 1 | O12: 1 | P12: 1 | Q12: 1 | R12: 1 | S12: 1 | T12: 1 | U12: 1 | V12: 1 | W12: 1 | X12: 1 | Y12: 1 | Z12: 1 | AA12: 1 | AB12: 1 | AC12: 1 | AD12: 1 | AE12: 1 | AF12: 1 | AG12: 1 | AH12: 1 | AI12: 1 | AJ12: 1 | AK12: 1 | AL12: 1 | AM12: 1 | AN12: 1 | AO12: 1 | AP12: 1 | AQ12: 1 | AR12: 1 | AS12: 1 | AT12: 1 | AU12: 1 | AV12: 1 | AW12: 1 | AX12: 1 | AY12: 1 | AZ12: 1 | BA12: 1 | BB12: 1 | BC12: 1 | BD12: 1 | BE12: 1 | BF12: 1 | BG12: 1 | BH12: 1 | BI12: 1 | BJ12: 1 | BK12: 1 | BL12: 1 | BM12: 1 | BN12: 1 | BO12: 1 | BP12: 1 | BQ12: 1 | BR12: 1 | BS12: 1 | BT12: 1 | BU12: 1 | BV12: 1 | BW12: 1 | BX12: 1 | BY12: 1 | BZ12: 1 | CA12: 1 | CB12: 1 | CC12: 1 | CD12: 1 | CE12: 1 | CF12: 1 | CG12: 1 | CH12: 1 | CI12: 1 | CJ12: 1 | CK12: 1 | CL12: 1 | CM12: 1 | CN12: 1 | CO12: 1 | CP12: 1 | CQ12: 1 | CR12: 1 | CS12: 1 | CT12: 1 | CU12: 1 | CV12: 1 | CW12: 1 | CX12: 1 | CY12: 1 | CZ12: 1 | DA12: 1 | DB12: 1 | DC12: 1 | DD12: 1 | DE12: 1 | DF12: 1 | DG12: 1 | DH12: 1 | DI12: 1 | DJ12: 1 | DK12: 1 | DL12: 1 | DM12: 1 | DN12: 1 | DO12: 1 | DP12: 1 | DQ12: 1 | DR12: 1 | DS12: 1 | DT12: 1 | DU12: 1 | DV12: 1 | DW12: 1 | DX12: 1 | DY12: 1 | DZ12: 1 | EA12: 1 | EB12: 1 | EC12: 1 | ED12: 1 | EE12: 1 | EF12: 1 | EG12: 1 | EH12: 1 | EI12: 1
E13: Limpieza de áreas y adecuación de plataformas de acceso | F13: 40 | G13: 0.45977011 | I13: 0 | J13: 0.05 | K13: 0.2 | L13: 0.3 | M13: 0.5 | N13: 0.6 | O13: 1 | P13: 1 | Q13: 1 | R13: 1 | S13: 1 | T13: 1 | U13: 1 | V13: 1 | W13: 1 | X13: 1 | Y13: 1 | Z13: 1 | AA13: 1 | AB13: 1 | AC13: 1 | AD13: 1 | AE13: 1 | AF13: 1 | AG13: 1 | AH13: 1 | AI13: 1 | AJ13: 1 | AK13: 1 | AL13: 1 | AM13: 1 | AN13: 1 | AO13: 1 | AP13: 1 | AQ13: 1 | AR13: 1 | AS13: 1 | AT13: 1 | AU13: 1 | AV13: 1 | AW13: 1 | AX13: 1 | AY13: 1 | AZ13: 1 | BA13: 1 | BB13: 1 | BC13: 1 | BD13: 1 | BE13: 1 | BF13: 1 | BG13: 1 | BH13: 1 | BI13: 1 | BJ13: 1 | BK13: 1 | BL13: 1 | BM13: 1 | BN13: 1 | BO13: 1 | BP13: 1 | BQ13: 1 | BR13: 1 | BS13: 1 | BT13: 1 | BU13: 1 | BV13: 1 | BW13: 1 | BX13: 1 | BY13: 1 | BZ13: 1 | CA13: 1 | CB13: 1 | CC13: 1 | CD13: 1 | CE13: 1 | CF13: 1 | CG13: 1 | CH13: 1 | CI13: 1 | CJ13: 1 | CK13: 1 | CL13: 1 | CM13: 1 | CN13: 1 | CO13: 1 | CP13: 1 | CQ13: 1 | CR13: 1 | CS13: 1 | CT13: 1 | CU13: 1 | CV13: 1 | CW13: 1 | CX13: 1 | CY13: 1 | CZ13: 1 | DA13: 1 | DB13: 1 | DC13: 1 | DD13: 1 | DE13: 1 | DF13: 1 | DG13: 1 | DH13: 1 | DI13: 1 | DJ13: 1 | DK13: 1 | DL13: 1 | DM13: 1 | DN13: 1 | DO13: 1 | DP13: 1 | DQ13: 1 | DR13: 1 | DS13: 1 | DT13: 1 | DU13: 1 | DV13: 1 | DW13: 1 | DX13: 1 | DY13: 1 | DZ13: 1 | EA13: 1 | EB13: 1 | EC13: 1 | ED13: 1 | EE13: 1 | EF13: 1 | EG13: 1 | EH13: 1 | EI13: 1
C14: Mantenimiento del Generador de Vapor (Caldera) y Equipos Auxiliares | F14: =+F15+F18+F25+F27+F35+F39+F42+F44+F49+F59+F73+F75 -> 1775 | G14: 0.77282549 | I14: =+I15*$G$15+I18*$G$18+I25*$G$25+I27*$G$27+I35*$G$35+I39*$G$39+I42*$G$42+I44*$G$44+I49*$G$49+I59*$G$59+I73*$G$73+I75*$G$75 -> 0 | J14: =+J15*$G$15+J18*$G$18+J25*$G$25+J27*$G$27+J35*$G$35+J39*$G$39+J42*$G$42+J44*$G$44+J49*$G$49+J59*$G$59+J73*$G$73+J75*$G$75 -> 0.00053986962 | K14: =+K15*$G$15+K18*$G$18+K25*$G$25+K27*$G$27+K35*$G$35+K39*$G$39+K42*$G$42+K44*$G$44+K49*$G$49+K59*$G$59+K73*$G$73+K75*$G$75 -> 0.0010914669 | L14: =+L15*$G$15+L18*$G$18+L25*$G$25+L27*$G$27+L35*$G$35+L39*$G$39+L42*$G$42+L44*$G$44+L49*$G$49+L59*$G$59+L73*$G$73+L75*$G$75 -> 0.002576242 | M14: =+M15*$G$15+M18*$G$18+M25*$G$25+M27*$G$27+M35*$G$35+M39*$G$39+M42*$G$42+M44*$G$44+M49*$G$49+M59*$G$59+M73*$G$73+M75*$G$75 -> 0.0040823564 | N14: =+N15*$G$15+N18*$G$18+N25*$G$25+N27*$G$27+N35*$G$35+N39*$G$39+N42*$G$42+N44*$G$44+N49*$G$49+N59*$G$59+N73*$G$73+N75*$G$75 -> 0.0053810507 | O14: =+O15*$G$15+O18*$G$18+O25*$G$25+O27*$G$27+O35*$G$35+O39*$G$39+O42*$G$42+O44*$G$44+O49*$G$49+O59*$G$59+O73*$G$73+O75*$G$75 -> 0.021646271 | P14: =+P15*$G$15+P18*$G$18+P25*$G$25+P27*$G$27+P35*$G$35+P39*$G$39+P42*$G$42+P44*$G$44+P49*$G$49+P59*$G$59+P73*$G$73+P75*$G$75 -> 0.046910128 | ... EI14: =+EI15*$G$15+EI18*$G$18+EI25*$G$25+EI27*$G$27+EI35*$G$35+EI39*$G$39+EI42*$G$42+EI44*$G$44+EI49*$G$49+EI59*$G$59+EI73*$G$73+EI75*$G$75 -> 0.90854459
D15: 0.0 Actividades preliminares | F15: =+SUM(F16:F17) -> 75 | G15: 0.02 | I15: =+SUMPRODUCT($G$16:$G$17,I16:I17) -> 0 | J15: =+SUMPRODUCT($G$16:$G$17,J16:J17) -> 0.026666667 | K15: =+SUMPRODUCT($G$16:$G$17,K16:K17) -> 0.053333333 | L15: =+SUMPRODUCT($G$16:$G$17,L16:L17) -> 0.10666667 | M15: =+SUMPRODUCT($G$16:$G$17,M16:M17) -> 0.16 | N15: =+SUMPRODUCT($G$16:$G$17,N16:N17) -> 0.21333333 | O15: =+SUMPRODUCT($G$16:$G$17,O16:O17) -> 0.24 | P15: =+SUMPRODUCT($G$16:$G$17,P16:P17) -> 0.26666667 | ... EI15: =+SUMPRODUCT($G$16:$G$17,EI16:EI17) -> 1
E16: Inspecciones visuales externas e internas | F16: 20 | G16: 0.26666667 | I16: 0 | J16: 0.1 | K16: 0.2 | L16: 0.4 | M16: 0.6 | N16: 0.8 | O16: 0.9 | P16: 1 | Q16: 1 | R16: 1 | S16: 1 | T16: 1 | U16: 1 | V16: 1 | W16: 1 | X16: 1 | Y16: 1 | Z16: 1 | AA16: 1 | AB16: 1 | AC16: 1 | AD16: 1 | AE16: 1 | AF16: 1 | AG16: 1 | AH16: 1 | AI16: 1 | AJ16: 1 | AK16: 1 | AL16: 1 | AM16: 1 | AN16: 1 | AO16: 1 | AP16: 1 | AQ16: 1 | AR16: 1 | AS16: 1 | AT16: 1 | AU16: 1 | AV16: 1 | AW16: 1 | AX16: 1 | AY16: 1 | AZ16: 1 | BA16: 1 | BB16: 1 | BC16: 1 | BD16: 1 | BE16: 1 | BF16: 1 | BG16: 1 | BH16: 1 | BI16: 1 | BJ16: 1 | BK16: 1 | BL16: 1 | BM16: 1 | BN16: 1 | BO16: 1 | BP16: 1 | BQ16: 1 | BR16: 1 | BS16: 1 | BT16: 1 | BU16: 1 | BV16: 1 | BW16: 1 | BX16: 1 | BY16: 1 | BZ16: 1 | CA16: 1 | CB16: 1 | CC16: 1 | CD16: 1 | CE16: 1 | CF16: 1 | CG16: 1 | CH16: 1 | CI16: 1 | CJ16: 1 | CK16: 1 | CL16: 1 | CM16: 1 | CN16: 1 | CO16: 1 | CP16: 1 | CQ16: 1 | CR16: 1 | CS16: 1 | CT16: 1 | CU16: 1 | CV16: 1 | CW16: 1 | CX16: 1 | CY16: 1 | CZ16: 1 | DA16: 1 | DB16: 1 | DC16: 1 | DD16: 1 | DE16: 1 | DF16: 1 | DG16: 1 | DH16: 1 | DI16: 1 | DJ16: 1 | DK16: 1 | DL16: 1 | DM16: 1 | DN16: 1 | DO16: 1 | DP16: 1 | DQ16: 1 | DR16: 1 | DS16: 1 | DT16: 1 | DU16: 1 | DV16: 1 | DW16: 1 | DX16: 1 | DY16: 1 | DZ16: 1 | EA16: 1 | EB16: 1 | EC16: 1 | ED16: 1 | EE16: 1 | EF16: 1 | EG16: 1 | EH16: 1 | EI16: 1
E17: Reparación de caminerias, grating, escaleras corroidas | F17: 55 | G17: 0.73333333 | I17: 0 | J17: 0 | K17: 0 | L17: 0 | M17: 0 | N17: 0 | O17: 0 | P17: 0 | Q17: 0 | R17: 0.15 | S17: 0.16201144 | T17: 0.22582171 | U17: 0.22582171 | V17: 0.37054781 | W17: 0.60465183 | X17: 0.68078117 | Y17: 0.75829186 | Z17: 1 | AA17: 1 | AB17: 1 | AC17: 1 | AD17: 1 | AE17: 1 | AF17: 1 | AG17: 1 | AH17: 1 | AI17: 1 | AJ17: 1 | AK17: 1 | AL17: 1 | AM17: 1 | AN17: 1 | AO17: 1 | AP17: 1 | AQ17: 1 | AR17: 1 | AS17: 1 | AT17: 1 | AU17: 1 | AV17: 1 | AW17: 1 | AX17: 1 | AY17: 1 | AZ17: 1 | BA17: 1 | BB17: 1 | BC17: 1 | BD17: 1 | BE17: 1 | BF17: 1 | BG17: 1 | BH17: 1 | BI17: 1 | BJ17: 1 | BK17: 1 | BL17: 1 | BM17: 1 | BN17: 1 | BO17: 1 | BP17: 1 | BQ17: 1 | BR17: 1 | BS17: 1 | BT17: 1 | BU17: 1 | BV17: 1 | BW17: 1 | BX17: 1 | BY17: 1 | BZ17: 1 | CA17: 1 | CB17: 1 | CC17: 1 | CD17: 1 | CE17: 1 | CF17: 1 | CG17: 1 | CH17: 1 | CI17: 1 | CJ17: 1 | CK17: 1 | CL17: 1 | CM17: 1 | CN17: 1 | CO17: 1 | CP17: 1 | CQ17: 1 | CR17: 1 | CS17: 1 | CT17: 1 | CU17: 1 | CV17: 1 | CW17: 1 | CX17: 1 | CY17: 1 | CZ17: 1 | DA17: 1 | DB17: 1 | DC17: 1 | DD17: 1 | DE17: 1 | DF17: 1 | DG17: 1 | DH17: 1 | DI17: 1 | DJ17: 1 | DK17: 1 | DL17: 1 | DM17: 1 | DN17: 1 | DO17: 1 | DP17: 1 | DQ17: 1 | DR17: 1 | DS17: 1 | DT17: 1 | DU17: 1 | DV17: 1 | DW17: 1 | DX17: 1 | DY17: 1 | DZ17: 1 | EA17: 1 | EB17: 1 | EC17: 1 | ED17: 1 | EE17: 1 | EF17: 1 | EG17: 1 | EH17: 1 | EI17: 1
D18: 1.1 Reparación de expansiones metálicas | F18: =+SUM(F19:F24) -> 195 | G18: 0.20327658 | I18: =+SUMPRODUCT($G$19:$G$24,I19:I24) -> 0 | J18: =+SUMPRODUCT($G$19:$G$24,J19:J24) -> 0 | K18: =+SUMPRODUCT($G$19:$G$24,K19:K24) -> 0 | L18: =+SUMPRODUCT($G$19:$G$24,L19:L24) -> 0 | M18: =+SUMPRODUCT($G$19:$G$24,M19:M24) -> 0 | N18: =+SUMPRODUCT($G$19:$G$24,N19:N24) -> 0 | O18: =+SUMPRODUCT($G$19:$G$24,O19:O24) -> 0.044497232 | P18: =+SUMPRODUCT($G$19:$G$24,P19:P24) -> 0.11434791 | ... EI18: =+SUMPRODUCT($G$19:$G$24,EI19:EI24) -> 0.9205
E19: Procura de laminas de acero al carbono | F19: 10 | G19: 0.05 | I19: 0 | J19: 0 | K19: 0 | L19: 0 | M19: 0 | N19: 0 | O19: 0 | P19: 0.5 | Q19: 0.5 | R19: 0.5 | S19: 0.5 | T19: 0.5 | U19: 0.5 | V19: 0.5 | W19: 0.5 | X19: 0.5 | Y19: 0.5 | Z19: 0.6 | AA19: 0.6 | AB19: 0.6 | AC19: 0.6 | AD19: 1 | AE19: 1 | AF19: 1 | AG19: 1 | AH19: 1 | AI19: 1 | AJ19: 1 | AK19: 1 | AL19: 1 | AM19: 1 | AN19: 1 | AO19: 1 | AP19: 1 | AQ19: 1 | AR19: 1 | AS19: 1 | AT19: 1 | AU19: 1 | AV19: 1 | AW19: 1 | AX19: 1 | AY19: 1 | AZ19: 1 | BA19: 1 | BB19: 1 | BC19: 1 | BD19: 1 | BE19: 1 | BF19: 1 | BG19: 1 | BH19: 1 | BI19: 1 | BJ19: 1 | BK19: 1 | BL19: 1 | BM19: 1 | BN19: 1 | BO19: 1 | BP19: 1 | BQ19: 1 | BR19: 1 | BS19: 1 | BT19: 1 | BU19: 1 | BV19: 1 | BW19: 1 | BX19: 1 | BY19: 1 | BZ19: 1 | CA19: 1 | CB19: 1 | CC19: 1 | CD19: 1 | CE19: 1 | CF19: 1 | CG19: 1 | CH19: 1 | CI19: 1 | CJ19: 1 | CK19: 1 | CL19: 1 | CM19: 1 | CN19: 1 | CO19: 1 | CP19: 1 | CQ19: 1 | CR19: 1 | CS19: 1 | CT19: 1 | CU19: 1 | CV19: 1 | CW19: 1 | CX19: 1 | CY19: 1 | CZ19: 1 | DA19: 1 | DB19: 1 | DC19: 1 | DD19: 1 | DE19: 1 | DF19: 1 | DG19: 1 | DH19: 1 | DI19: 1 | DJ19: 1 | DK19: 1 | DL19: 1 | DM19: 1 | DN19: 1 | DO19: 1 | DP19: 1 | DQ19: 1 | DR19: 1 | DS19: 1 | DT19: 1 | DU19: 1 | DV19: 1 | DW19: 1 | DX19: 1 | DY19: 1 | DZ19: 1 | EA19: 1 | EB19: 1 | EC19: 1 | ED19: 1 | EE19: 1 | EF19: 1 | EG19: 1 | EH19: 1 | EI19: 1
E20: Fabricación en taller de expansiones | F20: 40 | G20: 0.08 | I20: 0 | J20: 0 | K20: 0 | L20: 0 | M20: 0 | N20: 0 | O20: 0 | P20: 0.0044180727 | Q20: 0.28170638 | R20: 0.44661817 | S20: 0.44682734 | T20: 0.4471411 | U20: 0.44741303 | V20: 0.4474967 | W20: 0.44751762 | X20: 0.44751762 | Y20: 0.44751762 | Z20: 0.44751762 | AA20: 0.44751762 | AB20: 0.44751762 | AC20: 0.44751762 | AD20: 0.44751762 | AE20: 0.50268846 | AF20: 0.74377463 | AG20: 0.85568156 | AH20: 1 | AI20: 1 | AJ20: 1 | AK20: 1 | AL20: 1 | AM20: 1 | AN20: 1 | AO20: 1 | AP20: 1 | AQ20: 1 | AR20: 1 | AS20: 1 | AT20: 1 | AU20: 1 | AV20: 1 | AW20: 1 | AX20: 1 | AY20: 1 | AZ20: 1 | BA20: 1 | BB20: 1 | BC20: 1 | BD20: 1 | BE20: 1 | BF20: 1 | BG20: 1 | BH20: 1 | BI20: 1 | BJ20: 1 | BK20: 1 | BL20: 1 | BM20: 1 | BN20: 1 | BO20: 1 | BP20: 1 | BQ20: 1 | BR20: 1 | BS20: 1 | BT20: 1 | BU20: 1 | BV20: 1 | BW20: 1 | BX20: 1 | BY20: 1 | BZ20: 1 | CA20: 1 | CB20: 1 | CC20: 1 | CD20: 1 | CE20: 1 | CF20: 1 | CG20: 1 | CH20: 1 | CI20: 1 | CJ20: 1 | CK20: 1 | CL20: 1 | CM20: 1 | CN20: 1 | CO20: 1 | CP20: 1 | CQ20: 1 | CR20: 1 | CS20: 1 | CT20: 1 | CU20: 1 | CV20: 1 | CW20: 1 | CX20: 1 | CY20: 1 | CZ20: 1 | DA20: 1 | DB20: 1 | DC20: 1 | DD20: 1 | DE20: 1 | DF20: 1 | DG20: 1 | DH20: 1 | DI20: 1 | DJ20: 1 | DK20: 1 | DL20: 1 | DM20: 1 | DN20: 1 | DO20: 1 | DP20: 1 | DQ20: 1 | DR20: 1 | DS20: 1 | DT20: 1 | DU20: 1 | DV20: 1 | DW20: 1 | DX20: 1 | DY20: 1 | DZ20: 1 | EA20: 1 | EB20: 1 | EC20: 1 | ED20: 1 | EE20: 1 | EF20: 1 | EG20: 1 | EH20: 1 | EI20: 1
E21: Remoción de expansiones deterioradas | F21: 40 | G21: 0.2 | I21: 0 | J21: 0 | K21: 0 | L21: 0 | M21: 0 | N21: 0 | O21: 0.22248616 | P21: 0.44497232 | Q21: 0.60883219 | R21: 0.6679709 | S21: 0.72130751 | T21: 0.73350279 | U21: 0.75644306 | V21: 0.85058691 | W21: 0.86718836 | X21: 0.92597071 | Y21: 0.92597071 | Z21: 0.92597071 | AA21: 0.92597071 | AB21: 0.92597071 | AC21: 0.92597071 | AD21: 0.92597071 | AE21: 0.92597071 | AF21: 0.92597071 | AG21: 0.92597071 | AH21: 0.92597071 | AI21: 0.92597071 | AJ21: 0.92597071 | AK21: 0.92597071 | AL21: 0.92597071 | AM21: 0.92597071 | AN21: 0.92597071 | AO21: 0.92597071 | AP21: 0.92597071 | AQ21: 0.92597071 | AR21: 0.92597071 | AS21: 0.92597071 | AT21: 0.92597071 | AU21: 0.92597071 | AV21: 0.92597071 | AW21: 0.92597071 | AX21: 0.92597071 | AY21: 0.92597071 | AZ21: 0.92597071 | BA21: 0.92597071 | BB21: =Real[[#This Row],[05/05/25]]+(1-Real[[#This Row],[05/05/25]])*'Avance 39'!I9 -> 0.92597071 | BC21: =Real[[#This Row],[05/05/25]]+(1-Real[[#This Row],[05/05/25]])*'Avance 39'!J9 -> 0.92597071 | BD21: =Real[[#This Row],[05/05/25]]+(1-Real[[#This Row],[05/05/25]])*'Avance 39'!K9 -> 0.92597071 | BE21: =Real[[#This Row],[05/05/25]]+(1-Real[[#This Row],[05/05/25]])*'Avance 39'!L9 -> 0.92597071 | BF21: =Real[[#This Row],[05/05/25]]+(1-Real[[#This Row],[05/05/25]])*'Avance 39'!M9 -> 0.92597071 | BG21: =Real[[#This Row],[05/05/25]]+(1-Real[[#This Row],[05/05/25]])*'Avance 39'!N9 -> 1 | BH21: =Real[[#This Row],[05/05/25]]+(1-Real[[#This Row],[05/05/25]])*'Avance 39'!O9 -> 1 | BI21: =Real[[#This Row],[05/05/25]]+(1-Real[[#This Row],[05/05/25]])*'Avance 39'!P9 -> 1 | ... EI21: =Real[[#This Row],[05/05/25]]+(1-Real[[#This Row],[05/05/25]])*'Avance 39'!CP9 -> 1
E22: Instalación de expansiones nuevas | F22: 35 | G22: 0.4 | I22: 0 | J22: 0 | K22: 0 | L22: 0 | M22: 0 | N22: 0 | O22: 0 | P22: 0 | Q22: 0 | R22: 0 | S22: 0 | T22: 0 | U22: 0 | V22: 0 | W22: 0 | X22: 0 | Y22: 0.050939064 | Z22: 0.058769114 | AA22: 0.065177507 | AB22: 0.069442478 | AC22: 0.29461427 | AD22: 0.34845301 | AE22: 0.45892499 | AF22: 0.54152667 | AG22: 0.66956246 | AH22: 0.69582989 | AI22: 0.69582989 | AJ22: 0.69582989 | AK22: 0.69835766 | AL22: 0.69835766 | AM22: 0.69835766 | AN22: 0.69835766 | AO22: 0.75088287 | AP22: 0.78997102 | AQ22: 0.78997102 | AR22: 0.81990267 | AS22: 0.81990267 | AT22: 0.82263835 | AU22: 0.82263835 | AV22: 0.83527079 | AW22: 0.85836322 | AX22: 0.86974267 | AY22: 0.86974267 | AZ22: 0.87914568 | BA22: 0.87914568 | BB22: =Real[[#This Row],[05/05/25]]+(1-Real[[#This Row],[05/05/25]])*'Avance 39'!I10 -> 0.89259073 | BC22: =Real[[#This Row],[05/05/25]]+(1-Real[[#This Row],[05/05/25]])*'Avance 39'!J10 -> 0.89993263 | BD22: =Real[[#This Row],[05/05/25]]+(1-Real[[#This Row],[05/05/25]])*'Avance 39'!K10 -> 0.90346762 | BE22: =Real[[#This Row],[05/05/25]]+(1-Real[[#This Row],[05/05/25]])*'Avance 39'!L10 -> 0.90627748 | BF22: =Real[[#This Row],[05/05/25]]+(1-Real[[#This Row],[05/05/25]])*'Avance 39'!M10 -> 0.91484303 | BG22: =Real[[#This Row],[05/05/25]]+(1-Real[[#This Row],[05/05/25]])*'Avance 39'!N10 -> 0.9241337 | BH22: =Real[[#This Row],[05/05/25]]+(1-Real[[#This Row],[05/05/25]])*'Avance 39'!O10 -> 0.93143028 | BI22: =Real[[#This Row],[05/05/25]]+(1-Real[[#This Row],[05/05/25]])*'Avance 39'!P10 -> 0.93609828 | ... EI22: =Real[[#This Row],[05/05/25]]+(1-Real[[#This Row],[05/05/25]])*'Avance 39'!CP10 -> 1
E23: Galvanizado de expansiones fabricadas | F23: 35 | G23: 0.12 | I23: 0 | J23: 0 | K23: 0 | L23: 0 | M23: 0 | N23: 0 | O23: 0 | P23: 0 | Q23: 0 | R23: 0 | S23: 0 | T23: 0 | U23: 0.40195635 | V23: 0.41363581 | W23: 0.41363581 | X23: 0.44661817 | Y23: 0.44661817 | Z23: 0.44661817 | AA23: 0.44661817 | AB23: 0.44661817 | AC23: 0.44661817 | AD23: 0.44661817 | AE23: 0.47094348 | AF23: 0.47094348 | AG23: 0.67840038 | AH23: 0.67840038 | AI23: 0.67840038 | AJ23: 0.67840038 | AK23: 0.67840038 | AL23: 0.67840038 | AM23: 0.67840038 | AN23: 0.67840038 | AO23: 0.67840038 | AP23: 0.67840038 | AQ23: 0.67840038 | AR23: 0.67840038 | AS23: 0.67840038 | AT23: 0.67840038 | AU23: 0.67840038 | AV23: 0.67840038 | AW23: 0.76428626 | AX23: 0.79275435 | AY23: 0.79275435 | AZ23: 0.99916331 | BA23: 0.99916331 | BB23: =Real[[#This Row],[05/05/25]]+(1-Real[[#This Row],[05/05/25]])*'Avance 39'!I11 -> 0.99916331 | BC23: =Real[[#This Row],[05/05/25]]+(1-Real[[#This Row],[05/05/25]])*'Avance 39'!J11 -> 0.99916331 | BD23: =Real[[#This Row],[05/05/25]]+(1-Real[[#This Row],[05/05/25]])*'Avance 39'!K11 -> 0.99916331 | BE23: =Real[[#This Row],[05/05/25]]+(1-Real[[#This Row],[05/05/25]])*'Avance 39'!L11 -> 0.99916331 | BF23: =Real[[#This Row],[05/05/25]]+(1-Real[[#This Row],[05/05/25]])*'Avance 39'!M11 -> 0.99916331 | BG23: =Real[[#This Row],[05/05/25]]+(1-Real[[#This Row],[05/05/25]])*'Avance 39'!N11 -> 1 | BH23: =Real[[#This Row],[05/05/25]]+(1-Real[[#This Row],[05/05/25]])*'Avance 39'!O11 -> 1 | BI23: =Real[[#This Row],[05/05/25]]+(1-Real[[#This Row],[05/05/25]])*'Avance 39'!P11 -> 1 | ... EI23: =Real[[#This Row],[05/05/25]]+(1-Real[[#This Row],[05/05/25]])*'Avance 39'!CP11 -> 1
E24: Instalación de aislamiento y enchaquetado aluminio | F24: 35 | G24: 0.15 | I24: 0 | J24: 0 | K24: 0 | L24: 0 | M24: 0 | N24: 0 | O24: 0 | P24: 0 | Q24: 0 | R24: 0 | S24: 0 | T24: 0 | U24: 0 | V24: 0 | W24: 0 | X24: 0 | Y24: 0 | Z24: 0 | AA24: 0 | AB24: 0 | AC24: 0 | AD24: 0 | AE24: 0 | AF24: 0 | AG24: 0 | AH24: 0 | AI24: 0 | AJ24: 0 | AK24: 0 | AL24: 0 | AM24: 0 | AN24: 0 | AO24: 0 | AP24: 0 | AQ24: 0 | AR24: 0 | AS24: 0 | AT24: 0 | AU24: 0 | AV24: 0 | AW24: 0 | AX24: 0 | AY24: 0 | AZ24: 0 | BA24: 0 | BB24: =Real[[#This Row],[05/05/25]]+(1-Real[[#This Row],[05/05/25]])*'Avance 39'!I12 -> 0 | BC24: =Real[[#This Row],[05/05/25]]+(1-Real[[#This Row],[05/05/25]])*'Avance 39'!J12 -> 0 | BD24: =Real[[#This Row],[05/05/25]]+(1-Real[[#This Row],[05/05/25]])*'Avance 39'!K12 -> 0.00875 | BE24: =Real[[#This Row],[05/05/25]]+(1-Real[[#This Row],[05/05/25]])*'Avance 39'!L12 -> 0.0105 | BF24: =Real[[#This Row],[05/05/25]]+(1-Real[[#This Row],[05/05/25]])*'Avance 39'!M12 -> 0.035 | BG24: =Real[[#This Row],[05/05/25]]+(1-Real[[#This Row],[05/05/25]])*'Avance 39'!N12 -> 0.035 | BH24: =Real[[#This Row],[05/05/25]]+(1-Real[[#This Row],[05/05/25]])*'Avance 39'!O12 -> 0.035 | BI24: =Real[[#This Row],[05/05/25]]+(1-Real[[#This Row],[05/05/25]])*'Avance 39'!P12 -> 0.035 | ... EI24: =Real[[#This Row],[05/05/25]]+(1-Real[[#This Row],[05/05/25]])*'Avance 39'!CP12 -> 0.47
D25: 1.2 Reemplazo de tubos de gas | F25: =+F26 -> 60 | G25: 0.062393862 | I25: =+I26*$G$26 -> 0 | J25: =+J26*$G$26 -> 0 | K25: =+K26*$G$26 -> 0 | L25: =+L26*$G$26 -> 0 | M25: =+M26*$G$26 -> 0 | N25: =+N26*$G$26 -> 0 | O25: =+O26*$G$26 -> 0.02671875 | P25: =+P26*$G$26 -> 0.0734375 | ... EI25: =+EI26*$G$26 -> 1
E26: Reemplazo de tubos de gas de los quemdores de la caldera | F26: 60 | G26: 1 | I26: 0 | J26: 0 | K26: 0 | L26: 0 | M26: 0 | N26: 0 | O26: 0.02671875 | P26: 0.0734375 | Q26: 0.22 | R26: 0.2425 | S26: 0.35 | T26: 0.35 | U26: 0.35 | V26: 0.35 | W26: 0.35 | X26: 0.3725 | Y26: 0.5 | Z26: 0.575 | AA26: 0.5778125 | AB26: 0.58625 | AC26: 0.588125 | AD26: 0.5898125 | AE26: 0.60082812 | AF26: 0.6048125 | AG26: 0.60783594 | AH26: 0.60851563 | AI26: 0.60851563 | AJ26: 0.60851563 | AK26: 0.61564062 | AL26: 0.62201562 | AM26: 0.626375 | AN26: 0.6355 | AO26: 0.64654687 | AP26: 0.6566875 | AQ26: 0.66239063 | AR26: 0.67928906 | AS26: 0.69327344 | AT26: 0.70527344 | AU26: 0.70948437 | AV26: 0.72072656 | AW26: 0.72535938 | AX26: 0.72882812 | AY26: 0.72882812 | AZ26: 0.76813312 | BA26: 0.77113312 | BB26: =Real[[#This Row],[05/05/25]]+(1-Real[[#This Row],[05/05/25]])*'Avance 39'!I14 -> 0.7854373 | BC26: =Real[[#This Row],[05/05/25]]+(1-Real[[#This Row],[05/05/25]])*'Avance 39'!J14 -> 0.8326411 | BD26: =Real[[#This Row],[05/05/25]]+(1-Real[[#This Row],[05/05/25]])*'Avance 39'!K14 -> 0.85960448 | BE26: =Real[[#This Row],[05/05/25]]+(1-Real[[#This Row],[05/05/25]])*'Avance 39'!L14 -> 0.88528048 | BF26: =Real[[#This Row],[05/05/25]]+(1-Real[[#This Row],[05/05/25]])*'Avance 39'!M14 -> 0.90816717 | BG26: =Real[[#This Row],[05/05/25]]+(1-Real[[#This Row],[05/05/25]])*'Avance 39'!N14 -> 0.92450969 | BH26: =Real[[#This Row],[05/05/25]]+(1-Real[[#This Row],[05/05/25]])*'Avance 39'!O14 -> 0.9365252 | BI26: =Real[[#This Row],[05/05/25]]+(1-Real[[#This Row],[05/05/25]])*'Avance 39'!P14 -> 0.93952908 | ... EI26: =Real[[#This Row],[05/05/25]]+(1-Real[[#This Row],[05/05/25]])*'Avance 39'!CP14 -> 1
D27: 1.3 Reparación envoltura metálica | F27: =+SUM(F28:F34) -> 320 | G27: 0.1250084 | I27: =+SUMPRODUCT($G$28:$G$34,I28:I34) -> 0 | J27: =+SUMPRODUCT($G$28:$G$34,J28:J34) -> 0 | K27: =+SUMPRODUCT($G$28:$G$34,K28:K34) -> 0 | L27: =+SUMPRODUCT($G$28:$G$34,L28:L34) -> 0 | M27: =+SUMPRODUCT($G$28:$G$34,M28:M34) -> 0 | N27: =+SUMPRODUCT($G$28:$G$34,N28:N34) -> 0 | O27: =+SUMPRODUCT($G$28:$G$34,O28:O34) -> 0.035 | P27: =+SUMPRODUCT($G$28:$G$34,P28:P34) -> 0.0730625 | ... EI27: =+SUMPRODUCT($G$28:$G$34,EI28:EI34) -> 0.9275
E28: Procura de laminas acanaladas cerramientos exteriores | F28: 30 | G28: 0.05 | I28: 0 | J28: 0 | K28: 0 | L28: 0 | M28: 0 | N28: 0 | O28: 0 | P28: 0 | Q28: 0 | R28: 0 | S28: 0 | T28: 0 | U28: 0 | V28: 0 | W28: 0 | X28: 0 | Y28: 0 | Z28: 1 | AA28: 1 | AB28: 1 | AC28: 1 | AD28: 1 | AE28: 1 | AF28: 1 | AG28: 1 | AH28: 1 | AI28: 1 | AJ28: 1 | AK28: 1 | AL28: 1 | AM28: 1 | AN28: 1 | AO28: 1 | AP28: 1 | AQ28: 1 | AR28: 1 | AS28: 1 | AT28: 1 | AU28: 1 | AV28: 1 | AW28: 1 | AX28: 1 | AY28: 1 | AZ28: 1 | BA28: 1 | BB28: 1 | BC28: 1 | BD28: 1 | BE28: 1 | BF28: 1 | BG28: 1 | BH28: 1 | BI28: 1 | BJ28: 1 | BK28: 1 | BL28: 1 | BM28: 1 | BN28: 1 | BO28: 1 | BP28: 1 | BQ28: 1 | BR28: 1 | BS28: 1 | BT28: 1 | BU28: 1 | BV28: 1 | BW28: 1 | BX28: 1 | BY28: 1 | BZ28: 1 | CA28: 1 | CB28: 1 | CC28: 1 | CD28: 1 | CE28: 1 | CF28: 1 | CG28: 1 | CH28: 1 | CI28: 1 | CJ28: 1 | CK28: 1 | CL28: 1 | CM28: 1 | CN28: 1 | CO28: 1 | CP28: 1 | CQ28: 1 | CR28: 1 | CS28: 1 | CT28: 1 | CU28: 1 | CV28: 1 | CW28: 1 | CX28: 1 | CY28: 1 | CZ28: 1 | DA28: 1 | DB28: 1 | DC28: 1 | DD28: 1 | DE28: 1 | DF28: 1 | DG28: 1 | DH28: 1 | DI28: 1 | DJ28: 1 | DK28: 1 | DL28: 1 | DM28: 1 | DN28: 1 | DO28: 1 | DP28: 1 | DQ28: 1 | DR28: 1 | DS28: 1 | DT28: 1 | DU28: 1 | DV28: 1 | DW28: 1 | DX28: 1 | DY28: 1 | DZ28: 1 | EA28: 1 | EB28: 1 | EC28: 1 | ED28: 1 | EE28: 1 | EF28: 1 | EG28: 1 | EH28: 1 | EI28: 1
E29: Desmontaje de envoltura metálica externa en paredes | F29: 55 | G29: 0.21 | I29: 0 | J29: 0 | K29: 0 | L29: 0 | M29: 0 | N29: 0 | O29: 0.1 | P29: 0.20875 | Q29: 0.28155 | R29: 0.35435 | S29: 0.68874 | T29: 0.68874 | U29: 0.83634 | V29: 0.88394 | W29: 0.88394 | X29: 0.88394 | Y29: 0.88394 | Z29: 0.88394 | AA29: 0.88394 | AB29: 0.91034 | AC29: 0.92786 | AD29: 0.92786 | AE29: 0.92786 | AF29: 0.92786 | AG29: 0.97178 | AH29: 0.97178 | AI29: 0.97178 | AJ29: 0.97178 | AK29: 0.97178 | AL29: 0.98178 | AM29: 1 | AN29: 1 | AO29: 1 | AP29: 1 | AQ29: 1 | AR29: 1 | AS29: 1 | AT29: 1 | AU29: 1 | AV29: 1 | AW29: 1 | AX29: 1 | AY29: 1 | AZ29: 1 | BA29: 1 | BB29: 1 | BC29: 1 | BD29: 1 | BE29: 1 | BF29: 1 | BG29: 1 | BH29: 1 | BI29: 1 | BJ29: 1 | BK29: 1 | BL29: 1 | BM29: 1 | BN29: 1 | BO29: 1 | BP29: 1 | BQ29: 1 | BR29: 1 | BS29: 1 | BT29: 1 | BU29: 1 | BV29: 1 | BW29: 1 | BX29: 1 | BY29: 1 | BZ29: 1 | CA29: 1 | CB29: 1 | CC29: 1 | CD29: 1 | CE29: 1 | CF29: 1 | CG29: 1 | CH29: 1 | CI29: 1 | CJ29: 1 | CK29: 1 | CL29: 1 | CM29: 1 | CN29: 1 | CO29: 1 | CP29: 1 | CQ29: 1 | CR29: 1 | CS29: 1 | CT29: 1 | CU29: 1 | CV29: 1 | CW29: 1 | CX29: 1 | CY29: 1 | CZ29: 1 | DA29: 1 | DB29: 1 | DC29: 1 | DD29: 1 | DE29: 1 | DF29: 1 | DG29: 1 | DH29: 1 | DI29: 1 | DJ29: 1 | DK29: 1 | DL29: 1 | DM29: 1 | DN29: 1 | DO29: 1 | DP29: 1 | DQ29: 1 | DR29: 1 | DS29: 1 | DT29: 1 | DU29: 1 | DV29: 1 | DW29: 1 | DX29: 1 | DY29: 1 | DZ29: 1 | EA29: 1 | EB29: 1 | EC29: 1 | ED29: 1 | EE29: 1 | EF29: 1 | EG29: 1 | EH29: 1 | EI29: 1
E30: Desmontaje de lana mineral | F30: 55 | G30: 0.14 | I30: 0 | J30: 0 | K30: 0 | L30: 0 | M30: 0 | N30: 0 | O30: 0.1 | P30: 0.20875 | Q30: 0.20875 | R30: 0.28155 | S30: 0.68874 | T30: 0.68874 | U30: 0.83634 | V30: 0.88394 | W30: 0.88394 | X30: 0.88394 | Y30: 0.88394 | Z30: 0.88394 | AA30: 0.88394 | AB30: 0.91034 | AC30: 0.92786 | AD30: 0.92786 | AE30: 0.92786 | AF30: 0.92786 | AG30: 0.958268 | AH30: 0.97178 | AI30: 0.97178 | AJ30: 0.97178 | AK30: 0.97178 | AL30: 0.98178 | AM30: 1 | AN30: 1 | AO30: 1 | AP30: 1 | AQ30: 1 | AR30: 1 | AS30: 1 | AT30: 1 | AU30: 1 | AV30: 1 | AW30: 1 | AX30: 1 | AY30: 1 | AZ30: 1 | BA30: 1 | BB30: 1 | BC30: 1 | BD30: 1 | BE30: 1 | BF30: 1 | BG30: 1 | BH30: 1 | BI30: 1 | BJ30: 1 | BK30: 1 | BL30: 1 | BM30: 1 | BN30: 1 | BO30: 1 | BP30: 1 | BQ30: 1 | BR30: 1 | BS30: 1 | BT30: 1 | BU30: 1 | BV30: 1 | BW30: 1 | BX30: 1 | BY30: 1 | BZ30: 1 | CA30: 1 | CB30: 1 | CC30: 1 | CD30: 1 | CE30: 1 | CF30: 1 | CG30: 1 | CH30: 1 | CI30: 1 | CJ30: 1 | CK30: 1 | CL30: 1 | CM30: 1 | CN30: 1 | CO30: 1 | CP30: 1 | CQ30: 1 | CR30: 1 | CS30: 1 | CT30: 1 | CU30: 1 | CV30: 1 | CW30: 1 | CX30: 1 | CY30: 1 | CZ30: 1 | DA30: 1 | DB30: 1 | DC30: 1 | DD30: 1 | DE30: 1 | DF30: 1 | DG30: 1 | DH30: 1 | DI30: 1 | DJ30: 1 | DK30: 1 | DL30: 1 | DM30: 1 | DN30: 1 | DO30: 1 | DP30: 1 | DQ30: 1 | DR30: 1 | DS30: 1 | DT30: 1 | DU30: 1 | DV30: 1 | DW30: 1 | DX30: 1 | DY30: 1 | DZ30: 1 | EA30: 1 | EB30: 1 | EC30: 1 | ED30: 1 | EE30: 1 | EF30: 1 | EG30: 1 | EH30: 1 | EI30: 1
E31: Montaje y ajuste de envoltura metálica externa en paredes | F31: 40 | G31: 0.3 | I31: 0 | J31: 0 | K31: 0 | L31: 0 | M31: 0 | N31: 0 | O31: 0 | P31: 0 | Q31: 0 | R31: 0 | S31: 0 | T31: 0 | U31: 0 | V31: 0 | W31: 0 | X31: 0 | Y31: 0 | Z31: 0 | AA31: 0 | AB31: 0 | AC31: 0 | AD31: 0 | AE31: 0 | AF31: 0 | AG31: 0 | AH31: 0 | AI31: 0 | AJ31: 0 | AK31: 0 | AL31: 0 | AM31: 0 | AN31: 0 | AO31: 0 | AP31: 0 | AQ31: 0 | AR31: 0 | AS31: 0 | AT31: 0 | AU31: 0 | AV31: 0 | AW31: 0 | AX31: 0 | AY31: 0 | AZ31: 0 | BA31: 0 | BB31: =Real[[#This Row],[05/05/25]]+(1-Real[[#This Row],[05/05/25]])*'Avance 39'!I16 -> 0 | BC31: =Real[[#This Row],[05/05/25]]+(1-Real[[#This Row],[05/05/25]])*'Avance 39'!J16 -> 0 | BD31: =Real[[#This Row],[05/05/25]]+(1-Real[[#This Row],[05/05/25]])*'Avance 39'!K16 -> 0 | BE31: =Real[[#This Row],[05/05/25]]+(1-Real[[#This Row],[05/05/25]])*'Avance 39'!L16 -> 0 | BF31: =Real[[#This Row],[05/05/25]]+(1-Real[[#This Row],[05/05/25]])*'Avance 39'!M16 -> 0 | BG31: =Real[[#This Row],[05/05/25]]+(1-Real[[#This Row],[05/05/25]])*'Avance 39'!N16 -> 0 | BH31: =Real[[#This Row],[05/05/25]]+(1-Real[[#This Row],[05/05/25]])*'Avance 39'!O16 -> 0 | BI31: =Real[[#This Row],[05/05/25]]+(1-Real[[#This Row],[05/05/25]])*'Avance 39'!P16 -> 0 | ... EI31: =Real[[#This Row],[05/05/25]]+(1-Real[[#This Row],[05/05/25]])*'Avance 39'!CP16 -> 0.82
E32: Aplicación sistema de recubrimiento a envoltura metálica | F32: 55 | G32: 0.1 | I32: 0 | J32: 0 | K32: 0 | L32: 0 | M32: 0 | N32: 0 | O32: 0 | P32: 0 | Q32: 0 | R32: 0 | S32: 0 | T32: 0 | U32: 0 | V32: 0 | W32: 0 | X32: 0 | Y32: 0 | Z32: 0 | AA32: 0 | AB32: 0 | AC32: 0 | AD32: 0 | AE32: 0 | AF32: 0 | AG32: 0 | AH32: 0 | AI32: 0 | AJ32: 0 | AK32: 0 | AL32: 0 | AM32: 0 | AN32: 0 | AO32: 0 | AP32: 0 | AQ32: 0 | AR32: 0 | AS32: 0 | AT32: 0 | AU32: 0 | AV32: 0 | AW32: 0 | AX32: 0 | AY32: 0 | AZ32: 0 | BA32: 0 | BB32: =Real[[#This Row],[05/05/25]]+(1-Real[[#This Row],[05/05/25]])*'Avance 39'!I17 -> 0 | BC32: =Real[[#This Row],[05/05/25]]+(1-Real[[#This Row],[05/05/25]])*'Avance 39'!J17 -> 0 | BD32: =Real[[#This Row],[05/05/25]]+(1-Real[[#This Row],[05/05/25]])*'Avance 39'!K17 -> 0 | BE32: =Real[[#This Row],[05/05/25]]+(1-Real[[#This Row],[05/05/25]])*'Avance 39'!L17 -> 0 | BF32: =Real[[#This Row],[05/05/25]]+(1-Real[[#This Row],[05/05/25]])*'Avance 39'!M17 -> 0 | BG32: =Real[[#This Row],[05/05/25]]+(1-Real[[#This Row],[05/05/25]])*'Avance 39'!N17 -> 0 | BH32: =Real[[#This Row],[05/05/25]]+(1-Real[[#This Row],[05/05/25]])*'Avance 39'!O17 -> 0 | BI32: =Real[[#This Row],[05/05/25]]+(1-Real[[#This Row],[05/05/25]])*'Avance 39'!P17 -> 0 | ... EI32: =Real[[#This Row],[05/05/25]]+(1-Real[[#This Row],[05/05/25]])*'Avance 39'!CP17 -> 0.815
E33: Reemplazo de laminas acanaladas del piso N° 3. Techo de quemadores, lado este y oeste y techo de ventiladores | F33: 55 | G33: 0.1 | I33: 0 | J33: 0 | K33: 0 | L33: 0 | M33: 0 | N33: 0 | O33: 0 | P33: 0 | Q33: 0 | R33: 0 | S33: 0 | T33: 0 | U33: 0 | V33: 0 | W33: 0 | X33: 0 | Y33: 0.48628333 | Z33: 1 | AA33: 1 | AB33: 1 | AC33: 1 | AD33: 1 | AE33: 1 | AF33: 1 | AG33: 1 | AH33: 1 | AI33: 1 | AJ33: 1 | AK33: 1 | AL33: 1 | AM33: 1 | AN33: 1 | AO33: 1 | AP33: 1 | AQ33: 1 | AR33: 1 | AS33: 1 | AT33: 1 | AU33: 1 | AV33: 1 | AW33: 1 | AX33: 1 | AY33: 1 | AZ33: 1 | BA33: 1 | BB33: 1 | BC33: 1 | BD33: 1 | BE33: 1 | BF33: 1 | BG33: 1 | BH33: 1 | BI33: 1 | BJ33: 1 | BK33: 1 | BL33: 1 | BM33: 1 | BN33: 1 | BO33: 1 | BP33: 1 | BQ33: 1 | BR33: 1 | BS33: 1 | BT33: 1 | BU33: 1 | BV33: 1 | BW33: 1 | BX33: 1 | BY33: 1 | BZ33: 1 | CA33: 1 | CB33: 1 | CC33: 1 | CD33: 1 | CE33: 1 | CF33: 1 | CG33: 1 | CH33: 1 | CI33: 1 | CJ33: 1 | CK33: 1 | CL33: 1 | CM33: 1 | CN33: 1 | CO33: 1 | CP33: 1 | CQ33: 1 | CR33: 1 | CS33: 1 | CT33: 1 | CU33: 1 | CV33: 1 | CW33: 1 | CX33: 1 | CY33: 1 | CZ33: 1 | DA33: 1 | DB33: 1 | DC33: 1 | DD33: 1 | DE33: 1 | DF33: 1 | DG33: 1 | DH33: 1 | DI33: 1 | DJ33: 1 | DK33: 1 | DL33: 1 | DM33: 1 | DN33: 1 | DO33: 1 | DP33: 1 | DQ33: 1 | DR33: 1 | DS33: 1 | DT33: 1 | DU33: 1 | DV33: 1 | DW33: 1 | DX33: 1 | DY33: 1 | DZ33: 1 | EA33: 1 | EB33: 1 | EC33: 1 | ED33: 1 | EE33: 1 | EF33: 1 | EG33: 1 | EH33: 1 | EI33: 1
E34: Instalación de laminas de acero estriadas de 1/8" en piso Nº 3 lado este y oeste | F34: 30 | G34: 0.1 | I34: 0 | J34: 0 | K34: 0 | L34: 0 | M34: 0 | N34: 0 | O34: 0 | P34: 0 | Q34: 0 | R34: 0 | S34: 1 | T34: 1 | U34: 1 | V34: 1 | W34: 1 | X34: 1 | Y34: 1 | Z34: 1 | AA34: 1 | AB34: 1 | AC34: 1 | AD34: 1 | AE34: 1 | AF34: 1 | AG34: 1 | AH34: 1 | AI34: 1 | AJ34: 1 | AK34: 1 | AL34: 1 | AM34: 1 | AN34: 1 | AO34: 1 | AP34: 1 | AQ34: 1 | AR34: 1 | AS34: 1 | AT34: 1 | AU34: 1 | AV34: 1 | AW34: 1 | AX34: 1 | AY34: 1 | AZ34: 1 | BA34: 1 | BB34: 1 | BC34: 1 | BD34: 1 | BE34: 1 | BF34: 1 | BG34: 1 | BH34: 1 | BI34: 1 | BJ34: 1 | BK34: 1 | BL34: 1 | BM34: 1 | BN34: 1 | BO34: 1 | BP34: 1 | BQ34: 1 | BR34: 1 | BS34: 1 | BT34: 1 | BU34: 1 | BV34: 1 | BW34: 1 | BX34: 1 | BY34: 1 | BZ34: 1 | CA34: 1 | CB34: 1 | CC34: 1 | CD34: 1 | CE34: 1 | CF34: 1 | CG34: 1 | CH34: 1 | CI34: 1 | CJ34: 1 | CK34: 1 | CL34: 1 | CM34: 1 | CN34: 1 | CO34: 1 | CP34: 1 | CQ34: 1 | CR34: 1 | CS34: 1 | CT34: 1 | CU34: 1 | CV34: 1 | CW34: 1 | CX34: 1 | CY34: 1 | CZ34: 1 | DA34: 1 | DB34: 1 | DC34: 1 | DD34: 1 | DE34: 1 | DF34: 1 | DG34: 1 | DH34: 1 | DI34: 1 | DJ34: 1 | DK34: 1 | DL34: 1 | DM34: 1 | DN34: 1 | DO34: 1 | DP34: 1 | DQ34: 1 | DR34: 1 | DS34: 1 | DT34: 1 | DU34: 1 | DV34: 1 | DW34: 1 | DX34: 1 | DY34: 1 | DZ34: 1 | EA34: 1 | EB34: 1 | EC34: 1 | ED34: 1 | EE34: 1 | EF34: 1 | EG34: 1 | EH34: 1 | EI34: 1
D35: 1.4 Reparación de cámaras muertas | F35: =+SUM(F36:F38) -> 75 | G35: 0.07022068 | I35: =+SUMPRODUCT($G$36:$G$38,I36:I38) -> 0 | J35: =+SUMPRODUCT($G$36:$G$38,J36:J38) -> 0 | K35: =+SUMPRODUCT($G$36:$G$38,K36:K38) -> 0 | L35: =+SUMPRODUCT($G$36:$G$38,L36:L38) -> 0 | M35: =+SUMPRODUCT($G$36:$G$38,M36:M38) -> 0 | N35: =+SUMPRODUCT($G$36:$G$38,N36:N38) -> 0 | O35: =+SUMPRODUCT($G$36:$G$38,O36:O38) -> 0 | P35: =+SUMPRODUCT($G$36:$G$38,P36:P38) -> 0.015 | ... EI35: =+SUMPRODUCT($G$36:$G$38,EI36:EI38) -> 0.919
